Index,B1,B2,B3,B4,B5,B6,B7,Chl-a
0,561,621,725,634,93,429,278,9.73
1,550,625,742,649,91,443,296,9.46
2,561,639,763,658,94,461,321,11.02
3,557,650,766,676,98,474,325,10.73
4,748,752,815,674,89,95,121,13.38
5,729,753,815,660,88,94,138,13.46
6,726,767,1083,718,70,26,33,4.74
7,663,775,860,755,115,564,452,9.52
8,749,780,827,678,95,93,148,11.51
9,744,790,1122,729,75,33,42,3.95
10,711,806,858,737,113,480,314,8.57
11,745,811,1177,751,62,20,25,4.75
12,752,813,1187,755,62,21,21,4.75
13,749,814,1161,751,60,20,21,4.86
14,745,816,1173,748,64,30,44,3.48
15,750,820,1166,752,61,20,21,4.87
16,758,823,1157,774,60,18,18,4.4
17,751,832,1189,779,60,19,18,4.22
18,760,832,1163,758,58,20,20,4.87
19,751,832,1184,766,64,24,30,4.45
20,762,835,1157,754,62,27,38,5.14
21,789,840,896,745,105,100,141,15.21
22,757,841,1190,774,62,24,28,5.26
23,786,842,903,762,108,112,167,12.38
24,747,844,921,792,116,468,300,9.15
25,776,845,1174,763,64,24,32,4.57
26,785,846,1176,771,68,31,45,3.57
27,772,849,1171,777,62,24,29,5.05
28,778,850,1219,792,66,26,35,4.84
29,770,853,1205,785,65,27,34,5.13
30,781,853,1160,773,62,25,33,4.43
31,775,855,1193,787,64,26,34,3.51
32,793,866,987,771,65,115,179,15.46
33,767,881,997,863,127,526,378,5.06
34,815,898,1004,847,127,138,226,14.07
35,860,906,1021,823,218,115,352,4.43
36,752,911,1128,858,158,349,278,8.76
37,756,916,1146,869,185,358,290,8.84
38,834,917,1027,860,124,129,191,15.42
39,771,919,1110,880,129,348,279,8.99
40,755,926,1150,854,146,377,300,7.44
41,760,928,1181,845,166,416,337,7.07
42,759,930,1127,872,162,364,292,8.47
43,769,932,1161,882,203,377,300,8.52
44,769,935,1159,893,184,367,298,8.47
45,778,940,1153,896,182,375,304,8.48
46,819,944,1398,893,62,28,44,7.12
47,764,945,1196,858,173,410,332,7.28
48,781,946,1126,920,110,334,268,8.78
49,862,947,1030,887,132,128,208,12.05
50,855,947,1070,857,76,129,194,15.2
51,794,949,1187,886,148,382,310,7.44
52,785,956,1176,879,170,389,312,7.47
53,792,956,1139,914,142,367,294,8.39
54,799,962,1197,921,192,389,315,7.81
55,788,965,1213,871,216,459,380,8.47
56,805,965,1178,926,235,413,336,8.13
57,794,966,1224,894,209,430,349,7.18
58,797,971,1231,889,206,436,360,6.97
59,811,975,1251,856,336,526,427,8.36
60,763,975,1242,1116,259,907,777,6.74
61,809,977,1169,960,110,331,261,8.78
62,800,980,1178,944,102,327,260,8.49
63,822,983,1221,900,224,433,363,8.89
64,809,985,1241,903,232,467,385,7.24
65,799,986,1179,949,104,330,260,8.75
66,812,990,1242,903,230,466,388,7.7
67,827,990,1220,923,207,426,347,7.48
68,815,994,1199,958,97,324,257,8.6
69,814,996,1240,913,216,449,371,7.12
70,822,996,1222,918,220,440,362,7.38
71,822,996,1224,928,209,431,353,7.45
72,864,1000,1076,930,85,128,201,15.71
73,827,1001,1260,907,318,530,432,8.93
74,820,1001,1249,916,244,480,395,7.84
75,869,1002,1210,1002,79,95,143,18.2
76,821,1005,1268,932,258,490,408,7.65
77,840,1009,1268,940,253,480,394,7.28
78,823,1009,1244,966,222,434,355,7.68
79,830,1009,1216,965,249,438,357,7.66
80,828,1011,1261,922,235,478,395,7.79
81,827,1012,1261,935,254,483,400,7.45
82,825,1013,1241,941,223,437,358,7.48
83,825,1015,1297,924,330,524,438,8.75
84,817,1015,1254,916,263,471,387,8.64
85,887,1015,1241,1020,83,104,162,18.59
86,880,1015,1227,1003,80,98,149,18.88
87,825,1016,1228,952,173,429,345,8.48
88,833,1017,1251,941,257,471,391,7.12
89,848,1019,1250,943,251,479,394,8.07
90,846,1020,1261,954,193,431,347,7.6
91,831,1020,1248,965,188,425,352,7.82
92,858,1022,1251,966,198,425,347,7.66
93,826,1023,1251,938,253,470,386,7.17
94,881,1023,1236,1030,87,102,159,18.75
95,825,1024,1259,941,248,481,399,8.19
96,830,1025,1229,977,95,327,259,5.52
97,845,1026,1273,941,264,491,402,7.09
98,843,1026,1262,976,220,443,360,7.89
99,980,1027,1127,913,292,123,371,3.37
100,846,1032,1271,938,255,495,408,7.66
101,845,1032,1280,953,266,482,393,7.18
102,842,1035,1293,957,289,502,416,9
103,846,1035,1287,950,268,481,399,7.51
104,849,1037,1263,960,254,481,401,8.42
105,845,1038,1243,985,100,330,262,5.83
106,844,1038,1268,988,216,440,363,7.87
107,854,1039,1234,967,101,329,261,5.5
108,849,1039,1242,971,100,326,261,7.16
109,856,1039,1274,957,272,499,411,7.95
110,892,1040,1257,1028,79,101,156,16.52
111,852,1041,1241,984,100,333,266,7.51
112,844,1041,1231,968,103,331,260,6.29
113,859,1041,1239,975,101,328,260,5.63
114,854,1042,1244,983,101,329,259,6.36
115,855,1042,1261,957,265,500,414,8.09
116,860,1042,1251,955,265,485,405,8.36
117,843,1043,1211,950,97,326,262,7.12
118,918,1043,1276,1088,216,209,290,14.06
119,855,1044,1239,972,105,329,264,8.68
120,858,1044,1252,982,98,328,262,6.75
121,860,1044,1278,965,267,489,405,8.27
122,861,1044,1285,962,274,503,415,7.71
123,906,1044,1460,961,78,66,139,4.68
124,860,1048,1250,984,100,328,259,6.32
125,861,1049,1282,1003,230,454,377,8.03
126,856,1050,1281,1000,237,458,378,7.68
127,868,1051,1263,976,270,496,407,8.54
128,861,1051,1263,972,263,488,402,8.02
129,912,1051,1269,1034,82,108,177,16
130,859,1052,1252,988,100,326,257,5.55
131,915,1052,1267,1056,89,109,162,18.94
132,911,1052,1265,1059,89,118,194,18.01
133,922,1052,1273,1042,84,112,176,16.11
134,864,1054,1266,984,100,325,260,7.52
135,873,1054,1307,970,318,510,423,9
136,871,1054,1282,1010,261,473,385,8.11
137,917,1055,1271,1056,88,113,183,16.34
138,858,1056,1248,990,100,324,261,5.95
139,862,1056,1279,1005,245,461,383,7.98
140,911,1057,1131,1004,174,159,228,15.51
141,925,1058,1288,1069,90,129,212,16.79
142,857,1060,1278,996,237,459,377,7.88
143,864,1061,1256,1002,100,327,260,7.72
144,871,1061,1282,977,267,493,411,7.98
145,784,1061,1479,1216,96,414,239,7.9
146,912,1061,1273,1066,93,122,205,16.25
147,929,1061,1284,1068,95,126,207,17.19
148,860,1062,1274,1004,104,331,265,7.71
149,857,1062,1282,998,233,455,375,7.54
150,863,1062,1560,1119,97,73,139,4.16
151,865,1063,1262,1002,100,328,261,7.61
152,862,1063,1277,1006,104,326,261,8.48
153,860,1063,1279,1016,104,327,261,8.04
154,910,1063,1294,1052,88,123,200,17.04
155,930,1063,1268,1046,98,162,250,15.35
156,862,1064,1267,1006,105,335,269,7.57
157,862,1064,1283,1012,104,330,260,7.89
158,774,1064,1498,1244,104,449,287,9.91
159,785,1064,1462,1204,95,410,229,8.13
160,906,1064,1288,1065,90,130,207,16.12
161,867,1065,1261,998,98,327,261,5.35
162,870,1065,1261,1003,102,331,266,7.21
163,864,1065,1277,999,105,325,266,8.2
164,866,1065,1551,1112,95,66,127,4.16
165,910,1065,1272,1060,91,111,177,16.23
166,868,1067,1274,998,99,327,262,6.52
167,861,1067,1277,985,95,329,260,5
168,866,1067,1285,985,291,516,427,8.31
169,869,1068,1266,1000,98,325,260,8.08
170,876,1068,1267,1012,133,437,346,5.76
171,883,1068,1300,971,326,520,436,8.95
172,883,1068,1300,971,326,520,436,8.32
173,875,1068,1282,985,282,507,426,8.45
174,871,1068,1291,1011,230,461,377,7.95
175,923,1068,1284,1061,89,122,187,18.38
176,886,1069,1294,1021,244,457,377,8.32
177,871,1070,1257,1002,100,328,260,5.77
178,872,1070,1304,1027,266,491,410,7.05
179,911,1070,1276,1065,92,121,195,18.65
180,922,1071,1293,1050,89,123,207,17.53
181,922,1071,1271,1063,88,126,196,17.29
182,872,1073,1287,1000,256,470,384,7.31
183,869,1074,1274,1012,104,326,260,6.03
184,921,1074,1277,1057,91,122,194,15.47
185,867,1075,1273,1007,106,328,260,7.14
186,877,1075,1273,1012,103,328,261,7.36
187,884,1075,1304,991,296,528,437,7.94
188,878,1076,1275,1012,104,329,259,6.06
189,898,1076,1311,1033,270,480,400,7.75
190,930,1076,1276,1073,94,122,195,18.31
191,927,1077,1286,1057,89,120,191,16.1
192,941,1077,1302,1076,92,125,201,15.2
193,917,1077,1286,1063,89,115,187,16.18
194,921,1079,1295,1074,95,128,207,18.13
195,871,1080,1272,1010,105,332,265,5.81
196,771,1080,1543,1326,125,594,459,9.21
197,776,1080,1502,1259,106,469,307,10.02
198,928,1080,1290,1057,88,121,189,17.31
199,889,1081,1327,1031,282,501,412,7.1
200,804,1082,1495,1226,101,436,259,11.71
201,924,1082,1297,1066,95,127,203,18.82
202,880,1083,1319,1000,350,541,442,8.9
203,888,1083,1302,1023,273,488,401,7.45
204,936,1083,1305,1092,105,147,238,18.94
205,934,1083,1295,1077,95,125,209,18.3
206,935,1083,1320,1096,95,133,218,16.43
207,861,1084,1303,1062,137,373,305,6.34
208,860,1084,1522,1112,99,69,134,3.3
209,895,1086,1318,999,317,539,454,7.98
210,872,1087,1311,1009,92,328,261,5.85
211,895,1087,1329,1013,310,529,440,8.02
212,887,1087,1311,1036,276,497,407,7.86
213,921,1088,1305,1077,95,128,203,18.81
214,915,1088,1297,1087,93,126,202,15.92
215,885,1089,1324,1007,316,522,438,8.1
216,897,1089,1313,1035,267,492,405,7.34
217,947,1089,1298,1078,94,124,203,16.34
218,894,1090,1308,1034,266,487,401,8.03
219,946,1091,1316,1097,97,128,212,16.21
220,941,1091,1308,1092,93,133,214,16.78
221,916,1091,1310,1099,91,128,205,17.04
222,879,1092,1324,1022,97,331,259,6.95
223,885,1095,1348,1023,338,533,444,8.34
224,893,1095,1317,1043,270,484,404,7.87
225,812,1095,1515,1247,103,452,284,10.2
226,952,1097,1319,1091,96,133,214,16.52
227,939,1098,1312,1087,91,129,209,16.38
228,888,1099,1333,1020,94,328,264,6.38
229,892,1099,1328,1046,279,503,413,7.39
230,902,1100,1324,1016,327,552,461,8.12
231,927,1100,1309,1097,95,134,221,16.52
232,898,1101,1328,1047,292,498,418,7.69
233,959,1101,1334,1107,109,163,258,18.5
234,937,1101,1314,1086,95,136,219,16.78
235,888,1102,1337,1026,99,332,264,6.49
236,879,1102,1323,1064,147,394,317,6.26
237,941,1104,1324,1109,105,147,246,18.75
238,902,1105,1333,1021,328,551,463,8.33
239,899,1105,1331,1049,293,507,418,7.24
240,943,1105,1319,1104,100,134,219,18.43
241,906,1107,1331,1058,294,504,424,7.95
242,898,1108,1410,1018,522,608,508,8.71
243,888,1108,1343,1072,158,403,332,6.32
244,967,1108,1338,1140,293,265,343,8.22
245,893,1111,1334,1037,99,328,262,5.01
246,919,1112,1351,1031,324,549,456,7.98
247,970,1113,1332,1128,311,281,356,7.99
248,921,1114,1302,1091,101,133,214,18.52
249,958,1116,1335,1122,287,272,348,8.11
250,963,1116,1320,1117,115,167,259,18.96
251,954,1117,1351,1157,105,148,240,18.95
252,970,1119,1346,1116,101,145,229,16.3
253,953,1119,1346,1131,101,142,228,16.32
254,919,1120,1350,1040,355,550,457,8.64
255,961,1123,1350,1163,105,146,238,18.94
256,959,1123,1361,1149,104,146,236,18.28
257,983,1123,1343,1116,102,147,237,16.14
258,896,1124,1349,1089,166,413,341,6.17
259,960,1125,1362,1163,108,158,250,18.51
260,972,1125,1343,1118,112,168,259,18.46
261,910,1126,1357,1034,92,327,261,6.03
262,1075,1126,1404,1091,517,210,519,3.1
263,958,1126,1362,1157,107,156,254,18.95
264,953,1126,1336,1123,97,140,226,17.04
265,893,1128,1610,1175,109,79,162,3.81
266,954,1128,1277,1083,101,149,243,15.33
267,906,1129,1378,1090,245,474,390,7.51
268,905,1131,1362,1043,93,324,260,5.73
269,795,1131,1570,1362,132,647,548,5.26
270,917,1133,1375,1039,93,328,261,5.37
271,910,1133,1355,1043,93,327,260,6.2
272,798,1133,1570,1352,132,615,497,7.08
273,969,1135,1369,1156,108,163,252,18.14
274,826,1136,1574,1333,122,562,435,5.83
275,966,1137,1362,1157,107,147,240,18.18
276,967,1137,1372,1157,108,162,248,18.15
277,911,1138,1383,1081,117,351,283,5.46
278,917,1138,1355,1061,98,331,261,5.91
279,918,1138,1353,1049,96,328,262,6.53
280,966,1138,1371,1163,108,156,247,18.73
281,916,1139,1353,1060,96,328,261,6.13
282,975,1140,1384,1194,110,158,250,18.25
283,917,1143,1361,1073,100,330,262,6.78
284,935,1143,1360,1071,100,333,267,5.97
285,978,1143,1354,1134,104,154,242,15.98
286,994,1145,1339,1140,118,191,281,16.85
287,924,1146,1350,1064,103,340,271,6.44
288,918,1147,1390,1066,105,331,266,6.62
289,977,1147,1390,1196,110,157,249,18.35
290,978,1147,1397,1205,113,170,258,18.4
291,995,1147,1369,1144,120,190,283,18.38
292,837,1148,1585,1341,123,580,431,9.87
293,988,1148,1388,1194,112,170,259,18.47
294,967,1148,1360,1156,115,184,267,17.14
295,924,1150,1378,1067,104,332,264,6.22
296,926,1150,1379,1062,102,331,265,5.93
297,983,1150,1376,1183,114,177,265,18.74
298,970,1150,1381,1176,110,167,256,18.63
299,924,1151,1364,1075,99,327,261,6.34
300,988,1151,1391,1203,112,169,258,18.18
301,978,1153,1366,1156,101,150,254,17.07
302,929,1154,1389,1069,101,328,264,6.89
303,983,1156,1390,1192,113,175,265,18.91
304,989,1156,1388,1193,112,175,262,18.69
305,926,1159,1369,1079,99,330,261,6.62
306,929,1159,1370,1081,101,332,265,6.36
307,985,1159,1395,1207,113,173,265,17.84
308,931,1160,1370,1085,101,330,264,6.72
309,1007,1160,1427,1238,119,205,294,18.08
310,933,1161,1391,1077,106,332,260,5.56
311,925,1161,1396,1080,104,329,262,5.86
312,995,1162,1420,1231,115,192,275,18.3
313,945,1163,1393,1087,130,354,287,5.43
314,999,1163,1394,1218,130,233,319,18.89
315,994,1163,1398,1207,114,177,265,18.46
316,1007,1165,1360,1145,110,193,276,15.15
317,935,1166,1389,1142,207,448,370,6.29
318,972,1166,1406,1211,113,169,267,18.19
319,989,1166,1403,1212,114,180,264,18.85
320,1003,1168,1381,1169,311,287,361,8.14
321,1002,1169,1387,1178,107,164,261,17.19
322,991,1169,1362,1150,123,236,307,17.07
323,976,1169,1392,1183,111,150,252,11.79
324,1009,1171,1399,1254,142,208,296,18.84
325,985,1171,1402,1161,96,130,209,12.81
326,1008,1172,1380,1227,132,225,308,18.68
327,994,1172,1407,1218,117,179,266,18.39
328,996,1172,1414,1225,117,188,275,18.43
329,999,1172,1394,1169,110,187,278,14.77
330,1011,1174,1432,1233,119,208,291,18.76
331,1012,1174,1395,1184,117,194,289,14.92
332,989,1174,1403,1200,112,164,258,12.1
333,995,1175,1381,1167,115,175,267,18.28
334,1007,1175,1395,1210,126,194,283,18.65
335,923,1176,1418,1143,172,418,337,6.99
336,1025,1177,1394,1194,378,336,406,8.65
337,1032,1177,1399,1189,386,335,412,8.77
338,1003,1177,1401,1188,116,199,282,15.38
339,1017,1177,1399,1175,117,201,289,15.45
340,995,1177,1379,1154,112,193,281,15.13
341,1007,1177,1390,1180,118,187,276,17.81
342,1009,1178,1436,1245,123,208,289,17.16
343,999,1178,1429,1229,120,199,281,18.22
344,1007,1178,1390,1166,117,209,293,14.61
345,1002,1178,1375,1178,121,191,275,16.54
346,1018,1180,1403,1184,368,322,393,8.22
347,987,1180,1425,1224,116,190,282,17.58
348,1006,1180,1410,1181,102,151,236,16.16
349,996,1180,1388,1180,120,190,288,17.78
350,1053,1181,1403,1206,260,357,416,8.09
351,1003,1181,1394,1234,129,222,306,18.82
352,996,1181,1418,1231,118,196,277,17.75
353,995,1181,1384,1171,115,205,289,15.04
354,1000,1182,1395,1240,137,233,308,18.2
355,1013,1182,1436,1240,118,209,285,16.84
356,1003,1182,1424,1237,117,199,278,17.34
357,1009,1182,1391,1179,110,176,271,16.98
358,1009,1182,1397,1175,118,204,291,15.21
359,1029,1184,1409,1269,147,216,301,17.71
360,1003,1184,1392,1172,118,201,289,15.58
361,1012,1184,1394,1183,120,219,307,16.54
362,999,1184,1399,1197,123,203,287,18.12
363,1001,1185,1395,1245,137,243,308,17.38
364,1019,1185,1398,1183,119,207,290,14.88
365,1005,1185,1388,1179,118,210,295,16.44
366,1018,1185,1391,1185,118,213,300,15.77
367,1009,1185,1394,1189,120,214,297,16.02
368,1014,1185,1391,1183,121,207,294,16.62
369,971,1186,1423,1191,297,509,425,7.79
370,1015,1187,1399,1190,120,191,285,17.73
371,999,1187,1386,1185,117,193,276,18.25
372,983,1188,1397,1240,138,255,331,18.96
373,1015,1188,1403,1189,115,194,289,15.93
374,1009,1188,1398,1174,119,221,302,16.03
375,1013,1188,1383,1193,123,202,291,17
376,1006,1188,1391,1189,121,184,278,17.62
377,1021,1188,1414,1215,126,213,299,18.67
378,966,1190,1435,1126,154,390,324,5.71
379,936,1190,1482,1172,140,372,301,7.17
380,1007,1190,1407,1242,137,249,331,18.92
381,1002,1190,1432,1240,120,208,288,17.39
382,997,1190,1403,1184,115,184,275,15.49
383,1025,1190,1403,1185,117,208,294,15.21
384,1015,1190,1395,1175,120,216,300,15.43
385,1019,1190,1381,1192,122,188,275,17.19
386,1014,1190,1391,1188,119,192,279,18.36
387,997,1190,1412,1209,115,168,262,12.3
388,953,1191,1434,1115,156,407,332,5.86
389,955,1191,1432,1161,295,523,421,7.15
390,1002,1191,1438,1243,120,205,289,17.7
391,1013,1191,1447,1246,124,222,301,17.94
392,1014,1191,1407,1203,118,214,299,15.33
393,1026,1191,1399,1183,120,215,297,15.99
394,1013,1191,1399,1184,118,210,299,15.41
395,1013,1191,1398,1192,120,194,287,17.8
396,1013,1191,1395,1190,124,201,291,18.8
397,1027,1191,1410,1200,123,209,297,18.84
398,1012,1191,1421,1210,115,170,262,11.79
399,1029,1193,1410,1201,312,281,360,7.85
400,1033,1193,1421,1258,140,253,337,17.89
401,1009,1193,1454,1263,126,217,296,16.77
402,1020,1193,1451,1258,124,204,299,18.17
403,1024,1193,1394,1178,114,201,295,16.43
404,1020,1193,1413,1175,119,209,291,15.05
405,1015,1193,1405,1178,123,209,293,18.31
406,1006,1194,1394,1240,139,250,334,18.62
407,1009,1194,1449,1254,123,224,303,17.76
408,1015,1194,1401,1197,116,199,294,17.28
409,1019,1194,1405,1198,120,207,294,15.2
410,1023,1194,1410,1188,117,201,288,15.48
411,1027,1196,1414,1264,144,224,309,17.84
412,1007,1196,1453,1251,122,208,291,17.33
413,1019,1196,1402,1194,120,213,299,15
414,1002,1196,1395,1180,116,201,287,14.88
415,1021,1196,1416,1198,120,203,295,14.61
416,1019,1196,1429,1206,119,216,297,15.36
417,1033,1196,1406,1193,121,210,296,16.3
418,990,1196,1427,1200,104,142,229,13.05
419,1002,1196,1423,1212,118,169,264,12.3
420,1024,1197,1414,1260,145,222,303,18.32
421,1030,1197,1413,1185,118,204,296,15.22
422,1000,1197,1388,1181,122,208,295,16.82
423,1030,1197,1403,1202,125,220,303,17.52
424,996,1197,1429,1225,118,162,258,12.2
425,974,1199,1416,1121,138,405,325,6.65
426,1026,1199,1357,1212,330,208,281,16.15
427,1020,1199,1433,1214,119,207,294,16.31
428,1017,1199,1403,1190,116,207,287,15.35
429,1019,1199,1401,1189,123,210,300,16.6
430,1014,1199,1390,1188,121,197,289,17.72
431,1019,1199,1410,1209,124,203,294,18.2
432,1017,1199,1403,1198,124,203,294,18.64
433,1000,1199,1438,1194,106,146,241,12.81
434,1041,1200,1421,1250,139,262,335,17.84
435,1032,1200,1407,1196,121,213,296,15.12
436,1020,1200,1401,1181,120,213,300,15
437,1008,1200,1395,1175,115,199,288,14.67
438,1019,1200,1397,1197,126,230,307,18.43
439,1033,1202,1420,1285,149,219,307,18.7
440,1029,1202,1410,1198,117,202,293,17.57
441,1011,1202,1409,1200,125,217,303,18.72
442,1018,1203,1425,1267,145,236,324,17.09
443,1015,1203,1439,1258,123,213,290,17.11
444,1024,1203,1406,1216,126,216,295,17.45
445,1021,1203,1395,1201,124,208,288,18.97
446,1025,1203,1412,1201,126,217,303,18.68
447,1003,1203,1429,1221,116,173,267,12.16
448,1041,1205,1431,1271,143,259,342,18.37
449,1031,1205,1442,1277,138,260,340,17.73
450,1025,1205,1453,1265,128,237,313,18.66
451,1026,1205,1413,1207,118,209,297,16.86
452,1024,1205,1416,1202,119,211,302,16.23
453,1023,1205,1410,1188,120,209,288,15.34
454,1025,1205,1421,1193,119,213,293,15.27
455,1030,1205,1413,1206,125,204,293,17.75
456,1043,1205,1407,1206,132,228,303,18.31
457,1008,1205,1421,1221,120,176,266,12.25
458,1032,1206,1403,1205,391,345,413,8.16
459,1015,1206,1416,1268,145,244,322,18.6
460,1027,1206,1424,1259,138,266,332,17.91
461,1035,1206,1453,1269,136,261,340,18.15
462,1027,1206,1466,1276,127,236,311,18.29
463,959,1208,1440,1184,327,531,444,8.19
464,1044,1208,1432,1225,405,351,418,8.74
465,1033,1208,1439,1285,148,251,337,18.41
466,1013,1208,1451,1269,127,221,302,17.12
467,1023,1208,1428,1212,117,207,300,17.39
468,1030,1208,1403,1184,120,214,293,15.33
469,1001,1208,1425,1220,119,180,272,11.48
470,1017,1209,1457,1256,123,220,307,16.81
471,1032,1209,1461,1269,126,231,317,18.51
472,1021,1209,1417,1211,119,217,297,15.46
473,968,1210,1459,1149,185,431,352,5.59
474,1030,1211,1433,1215,117,215,303,17.27
475,1025,1211,1402,1205,130,238,313,17.13
476,1017,1211,1435,1241,124,182,273,12.23
477,977,1212,1466,1202,283,518,427,6.05
478,1054,1212,1439,1290,149,262,337,17.76
479,1044,1212,1427,1280,144,256,334,17.16
480,1026,1212,1425,1210,117,204,288,17.07
481,1012,1212,1435,1227,120,185,283,12.27
482,1000,1214,1430,1136,147,416,339,6.36
483,1025,1214,1459,1269,125,232,313,18.37
484,1024,1214,1421,1207,122,221,302,15.3
485,1035,1214,1449,1229,111,177,264,12.4
486,1023,1214,1440,1223,119,193,281,11.33
487,1041,1215,1443,1273,148,271,348,17.51
488,1047,1215,1454,1287,138,253,328,18.08
489,1021,1215,1464,1258,125,233,317,17.35
490,1047,1215,1425,1219,125,217,307,18.9
491,981,1217,1435,1142,159,426,346,6.7
492,1038,1217,1439,1236,395,340,412,9.11
493,1025,1217,1458,1286,133,248,325,18.3
494,1043,1217,1451,1278,140,278,352,17.75
495,1031,1217,1423,1218,124,208,301,18.73
496,974,1218,1473,1216,279,509,420,6.5
497,1045,1218,1417,1232,138,236,330,4.98
498,1035,1218,1416,1259,144,273,349,17.73
499,1043,1218,1432,1277,143,260,341,17.1
500,1042,1218,1444,1278,145,278,356,18.41
501,1039,1218,1459,1300,137,254,329,18.52
502,1029,1218,1412,1203,125,208,291,17.35
503,1019,1218,1443,1205,106,149,246,12.6
504,1014,1218,1453,1246,123,211,296,11.5
505,918,1220,1522,1195,145,400,327,6.12
506,967,1220,1470,1185,191,453,366,7.42
507,1039,1220,1449,1286,145,277,352,17.77
508,1043,1221,1436,1238,325,294,376,7.73
509,1023,1221,1472,1283,129,211,300,16.96
510,1037,1222,1431,1229,397,346,413,8.72
511,1031,1222,1442,1291,152,254,337,17.75
512,1037,1222,1428,1274,147,273,342,17.34
513,1025,1222,1425,1269,143,284,354,17.07
514,1032,1222,1432,1283,148,273,349,18.64
515,990,1224,1443,1131,159,429,346,6.54
516,1045,1224,1438,1281,145,278,350,18.82
517,1032,1225,1366,1241,359,226,284,16.74
518,1045,1225,1444,1295,146,273,356,12.76
519,1032,1225,1414,1200,120,219,294,15.08
520,1008,1225,1454,1214,107,143,240,13
521,1013,1225,1454,1227,110,146,246,12.9
522,1030,1225,1453,1236,124,205,295,11.33
523,1023,1225,1443,1240,125,199,288,12.07
524,993,1227,1487,1210,309,543,444,6.37
525,1051,1227,1446,1258,344,321,384,7.89
526,1043,1227,1451,1305,175,261,332,18.57
527,1036,1227,1447,1283,139,261,342,18.1
528,1023,1227,1457,1255,126,205,300,12.81
529,1045,1228,1451,1286,139,268,348,17.37
530,1044,1228,1470,1300,137,237,325,16.46
531,1024,1228,1475,1281,130,232,311,17.63
532,1045,1228,1454,1241,133,231,324,18.76
533,1020,1228,1464,1234,121,174,265,12.49
534,1055,1230,1477,1308,401,266,336,14.31
535,1043,1230,1429,1277,145,279,349,16.74
536,1057,1230,1476,1309,152,284,360,18.11
537,1012,1230,1458,1231,113,160,249,12.57
538,1021,1230,1462,1218,109,150,260,12.66
539,987,1231,1472,1175,228,443,376,5.75
540,1047,1231,1458,1324,185,262,336,17.81
541,1050,1231,1442,1290,149,272,347,17.44
542,1045,1231,1473,1303,140,270,344,18.21
543,1042,1231,1468,1298,138,264,344,18.33
544,1061,1231,1476,1307,141,272,349,17.65
545,1035,1231,1455,1258,127,214,305,11.74
546,1041,1233,1439,1299,152,273,348,16.15
547,1051,1233,1469,1298,139,272,352,18.38
548,1048,1234,1495,1304,136,242,314,16.87
549,1024,1234,1485,1304,133,231,306,16.44
550,1032,1234,1462,1241,118,185,273,12.54
551,1056,1236,1446,1304,167,262,329,18.23
552,1030,1236,1439,1290,162,276,342,18.25
553,1045,1236,1466,1299,139,265,347,18.08
554,1044,1236,1455,1282,139,270,346,17.7
555,1045,1236,1461,1282,137,264,342,17.77
556,1057,1236,1465,1298,135,270,341,16.89
557,1054,1236,1485,1316,136,258,330,17.06
558,1036,1236,1455,1303,141,247,325,17.47
559,1051,1236,1502,1340,142,261,338,18.49
560,1031,1236,1481,1298,132,226,308,16.9
561,1042,1236,1484,1295,132,239,323,17.16
562,1044,1237,1431,1287,147,281,355,13.31
563,1017,1237,1472,1242,114,164,255,11.98
564,966,1238,1479,1225,300,515,428,7
565,1054,1239,1450,1298,147,279,354,17.86
566,1049,1239,1485,1312,135,254,331,17.48
567,1039,1239,1475,1299,136,250,325,17.12
568,1043,1239,1496,1299,133,232,313,16.84
569,1045,1240,1464,1285,267,251,334,7.45
570,1057,1240,1470,1311,150,302,376,18.35
571,1039,1240,1490,1313,138,238,318,18.73
572,1033,1240,1490,1291,133,248,331,17.64
573,996,1242,1473,1226,320,540,450,6.11
574,1042,1242,1469,1302,136,245,318,16.66
575,1048,1242,1496,1317,137,231,309,17.15
576,1043,1242,1487,1299,132,232,308,16.85
577,1009,1243,1456,1147,171,442,365,6.51
578,1053,1243,1476,1302,283,244,324,7.77
579,1050,1243,1461,1312,155,278,355,17.99
580,1066,1243,1462,1305,153,302,376,18.62
581,1049,1245,1440,1282,150,288,356,4.63
582,1044,1245,1481,1304,140,281,360,18.9
583,1065,1245,1488,1317,142,276,358,17.16
584,1055,1246,1484,1305,140,289,366,18.52
585,1013,1247,1499,1229,354,563,463,7.32
586,1018,1248,1486,1177,215,483,394,6.67
587,1013,1248,1489,1253,350,546,457,7.71
588,1059,1248,1459,1329,205,255,336,18.25
589,1059,1248,1447,1316,201,249,334,17.52
590,1068,1248,1481,1318,159,298,373,17.9
591,1061,1248,1464,1313,143,285,355,18.43
592,1057,1248,1491,1321,139,273,350,18.04
593,1065,1248,1495,1335,142,282,354,17.13
594,1053,1248,1481,1318,142,265,342,16.79
595,1031,1248,1487,1258,130,201,278,12.3
596,1044,1248,1488,1267,133,224,316,13.55
597,1021,1249,1477,1254,121,191,282,11.5
598,1066,1251,1477,1330,192,285,361,18.18
599,1060,1251,1469,1311,152,302,370,16.79
600,1045,1251,1511,1330,139,248,322,17.08
601,1012,1251,1475,1254,119,169,256,12.4
602,1060,1252,1466,1285,291,278,354,7.75
603,1068,1252,1475,1324,158,299,375,17.85
604,1071,1252,1495,1339,145,265,338,16.93
605,1042,1252,1475,1259,129,224,307,11.58
606,1019,1253,1480,1169,195,470,385,6.65
607,1087,1254,1472,1269,159,296,390,14.11
608,1047,1254,1487,1329,294,268,347,7.63
609,1067,1254,1485,1317,143,290,363,17.58
610,1053,1254,1506,1335,139,247,328,16.99
611,1048,1254,1516,1339,141,261,334,17.01
612,1043,1254,1491,1303,135,251,328,16.9
613,1049,1254,1472,1263,121,198,289,11.23
614,992,1255,1539,1226,190,431,351,7.24
615,1063,1255,1454,1317,188,264,341,17.45
616,1055,1255,1479,1307,139,271,346,17.96
617,1067,1255,1470,1300,140,268,346,17.62
618,1054,1255,1507,1324,141,287,359,16.72
619,1072,1257,1485,1325,162,290,378,17.09
620,1053,1257,1462,1326,181,300,370,17.29
621,1033,1257,1483,1272,128,220,311,11.46
622,1054,1258,1443,1312,201,285,354,8.86
623,1044,1258,1492,1375,320,205,306,13.63
624,1068,1258,1499,1329,145,295,369,18.79
625,1068,1258,1499,1348,150,275,349,17.76
626,1068,1258,1516,1336,141,249,322,16.45
627,1074,1258,1428,1180,108,192,293,14.13
628,1061,1258,1499,1273,134,236,323,11.65
629,1000,1259,1487,1216,247,467,391,6.06
630,1059,1260,1475,1305,289,260,341,7.96
631,1056,1260,1488,1311,298,264,346,7.91
632,1063,1260,1462,1326,185,278,352,18.17
633,1065,1260,1502,1325,147,307,378,18.82
634,1050,1260,1485,1268,130,221,317,12.97
635,1060,1261,1477,1295,295,268,347,8.1
636,1072,1261,1472,1320,170,312,378,12.48
637,1075,1262,1480,1333,216,285,360,18.33
638,1071,1262,1468,1316,166,304,371,16.75
639,1086,1264,1490,1325,181,304,371,16.68
640,1027,1264,1487,1250,116,170,259,12.33
641,1023,1265,1506,1251,389,589,483,8.1
642,1023,1265,1506,1251,389,589,483,8.63
643,1075,1265,1446,1308,224,353,399,8.32
644,1060,1265,1501,1298,135,238,325,6.69
645,1050,1265,1522,1347,140,261,340,17.28
646,1012,1267,1517,1209,239,467,389,6.33
647,1008,1267,1513,1224,378,577,481,7.39
648,914,1267,1638,1417,145,603,459,11.09
649,1080,1267,1499,1333,174,328,394,17.22
650,1045,1267,1485,1269,126,216,300,9.97
651,1039,1268,1495,1193,228,488,401,6.52
652,1073,1268,1476,1324,180,326,393,16.96
653,1097,1268,1483,1318,176,305,371,16.48
654,1078,1268,1506,1318,144,301,377,18.34
655,1063,1268,1506,1339,147,271,348,18.55
656,1073,1268,1518,1345,141,259,330,17.73
657,1067,1268,1529,1355,147,264,341,16.38
658,1066,1268,1496,1286,129,237,322,9.02
659,1054,1268,1498,1283,128,231,320,10.34
660,1021,1269,1505,1245,334,560,464,6.25
661,1079,1270,1521,1351,143,268,336,16.33
662,1067,1270,1491,1293,139,230,311,13.39
663,1084,1271,1517,1339,146,296,366,18.13
664,1057,1271,1487,1276,127,230,309,9.55
665,1074,1273,1499,1351,197,267,347,17.17
666,1056,1273,1513,1331,140,258,332,16.84
667,1057,1273,1498,1271,127,231,316,10.28
668,1059,1273,1495,1294,137,259,335,11.33
669,1091,1274,1498,1357,215,321,393,18.62
670,1080,1274,1495,1338,180,319,399,16.71
671,1072,1274,1496,1329,172,312,390,18.29
672,1085,1274,1521,1348,143,305,372,17.21
673,1078,1274,1533,1357,145,271,341,16.45
674,1039,1276,1525,1257,405,597,498,7.8
675,1029,1276,1503,1240,346,571,472,6.29
676,1084,1276,1472,1272,143,282,353,8.71
677,1085,1276,1517,1308,423,346,417,9.31
678,1079,1276,1485,1343,220,285,350,17.25
679,1063,1276,1494,1285,126,224,306,9.58
680,1090,1277,1492,1305,302,279,353,7.92
681,1069,1277,1506,1325,142,284,363,18.16
682,1066,1277,1495,1300,135,234,324,11.74
683,1026,1278,1516,1243,350,578,478,6.62
684,1061,1279,1496,1299,133,227,317,5.66
685,1078,1279,1490,1302,313,293,372,7.69
686,1085,1279,1499,1287,453,373,443,9.51
687,1081,1279,1496,1338,159,285,356,16.83
688,1072,1279,1521,1351,144,260,335,16.63
689,1084,1279,1539,1353,144,272,352,18.94
690,1059,1279,1507,1271,122,173,283,12.44
691,1027,1280,1513,1268,378,584,484,6.43
692,1063,1280,1491,1281,128,238,308,10.02
693,1042,1281,1503,1212,256,509,413,6.15
694,1028,1282,1526,1253,297,505,421,6.9
695,1095,1282,1517,1340,150,322,384,18.72
696,1054,1283,1502,1305,133,230,312,6.72
697,1098,1283,1505,1349,168,313,382,18.97
698,1041,1285,1531,1261,416,597,498,7.48
699,1084,1285,1509,1374,261,222,305,16.65
700,1089,1285,1509,1351,216,310,385,17.75
701,1073,1285,1527,1351,144,266,343,17.93
702,1044,1286,1530,1259,416,608,507,7.68
703,1044,1286,1530,1259,416,608,507,8.64
704,1044,1286,1530,1259,416,608,507,8.3
705,1030,1286,1527,1259,421,600,506,7.94
706,1072,1286,1503,1302,138,250,330,6.65
707,1109,1288,1514,1361,230,327,396,18.04
708,1083,1288,1513,1342,142,306,371,16.98
709,1079,1288,1528,1353,147,277,346,16.4
710,1073,1289,1506,1291,134,249,340,9.2
711,1052,1291,1536,1270,419,602,498,7.54
712,1102,1291,1499,1352,219,326,399,17.61
713,1093,1291,1514,1309,143,251,337,12.57
714,1105,1292,1543,1370,449,293,361,17.02
715,1086,1292,1499,1343,196,270,352,17.39
716,1054,1293,1554,1287,448,619,519,7.66
717,1050,1294,1535,1260,296,518,436,6.8
718,1053,1294,1550,1283,435,627,523,8.37
719,1104,1295,1505,1357,205,296,366,17.46
720,1077,1295,1518,1307,141,282,361,9.05
721,1037,1297,1537,1271,366,582,490,6.23
722,1058,1297,1539,1296,381,584,490,7.49
723,1095,1297,1516,1380,277,226,305,16.72
724,1099,1297,1520,1366,212,319,389,17.41
725,1054,1298,1550,1275,436,621,521,8.08
726,1098,1298,1510,1367,238,311,376,17.13
727,1099,1298,1531,1344,180,301,373,14.46
728,1071,1298,1514,1300,136,273,353,8.49
729,1063,1299,1562,1292,452,632,525,7.49
730,1063,1299,1562,1292,452,632,525,7.75
731,1052,1299,1543,1272,378,590,501,6.35
732,1051,1299,1545,1304,403,597,494,8.16
733,1043,1300,1532,1278,441,625,521,7.77
734,1049,1301,1534,1270,403,588,495,7.09
735,1055,1301,1535,1270,375,601,498,6.32
736,1087,1301,1511,1382,256,215,301,16.67
737,1104,1301,1490,1365,247,305,365,17.61
738,1101,1301,1516,1329,148,275,350,13.73
739,1050,1302,1543,1272,317,532,442,5.03
740,1084,1304,1529,1316,139,267,347,6.15
741,1096,1304,1533,1324,138,295,366,8.43
742,1086,1305,1542,1335,142,268,350,6.74
743,1098,1305,1544,1396,214,250,326,18.94
744,1079,1305,1528,1305,136,276,349,16.84
745,1053,1307,1534,1281,389,591,487,6.56
746,1068,1307,1553,1314,432,623,521,8.73
747,1119,1307,1521,1395,256,311,382,17.19
748,1068,1307,1524,1300,142,295,365,15
749,1048,1308,1533,1270,362,590,493,6.46
750,1105,1308,1550,1376,154,332,396,17.11
751,1043,1310,1542,1285,417,609,506,6.96
752,1057,1310,1558,1295,389,601,501,6.38
753,1091,1310,1529,1331,142,262,347,13.87
754,1096,1310,1532,1365,132,190,281,15.4
755,1133,1310,1550,1393,237,342,411,17.22
756,1063,1310,1533,1325,134,231,313,11.8
757,1052,1311,1557,1284,432,635,523,7
758,1057,1311,1547,1300,434,610,511,7.15
759,1062,1311,1540,1234,274,530,433,6.59
760,1054,1311,1553,1314,430,622,520,8.8
761,1096,1311,1536,1333,144,285,361,6.81
762,1097,1311,1527,1367,137,179,255,14.62
763,1096,1311,1536,1335,145,282,353,11.3
764,1063,1312,1555,1301,454,623,527,7.98
765,1072,1312,1563,1255,315,569,469,6.49
766,1052,1313,1550,1286,448,621,522,8.19
767,1068,1313,1545,1234,274,537,440,6.52
768,1048,1313,1555,1316,410,605,501,7.31
769,1103,1313,1483,1379,294,372,419,12.18
770,1061,1314,1557,1306,427,617,511,7.15
771,1095,1314,1555,1342,147,289,369,6.5
772,1097,1314,1528,1329,146,265,344,13.25
773,1085,1316,1517,1316,139,285,352,8.92
774,1059,1317,1555,1290,332,547,450,6.67
775,1064,1317,1557,1296,382,586,487,6.38
776,1087,1317,1566,1355,146,283,361,7.21
777,1102,1317,1555,1356,144,270,355,7.14
778,1114,1317,1537,1402,289,276,350,16.93
779,1125,1317,1550,1391,258,338,410,17.54
780,1072,1318,1557,1266,330,577,481,6.59
781,1091,1319,1544,1393,214,241,322,18.63
782,1149,1320,1569,1364,459,368,441,9.17
783,1057,1321,1548,1296,425,609,507,7.03
784,1091,1321,1575,1314,491,638,531,6.61
785,1052,1322,1449,1414,602,907,815,10.86
786,1104,1322,1543,1382,245,315,391,9.03
787,1119,1322,1529,1400,273,266,336,16.73
788,1104,1323,1536,1415,361,214,295,17.12
789,1111,1323,1529,1391,268,281,354,16.66
790,1091,1324,1568,1272,363,609,504,5.79
791,1071,1325,1573,1282,315,549,453,6.28
792,1055,1325,1560,1296,334,536,454,5.99
793,1105,1325,1562,1356,147,279,361,7.24
794,1108,1325,1555,1356,446,362,428,9.43
795,1121,1325,1569,1342,144,302,382,12.65
796,1104,1325,1540,1353,147,275,348,11.59
797,1082,1326,1575,1294,434,622,523,7.07
798,1111,1326,1553,1357,147,275,344,7.48
799,1104,1326,1558,1366,147,249,332,7.03
800,1090,1326,1550,1411,199,233,313,18.79
801,1105,1326,1554,1314,140,279,353,15.41
802,1097,1326,1559,1344,139,262,340,12.22
803,1071,1327,1566,1312,435,626,525,7.09
804,1073,1327,1572,1327,431,638,538,8.23
805,1101,1328,1559,1373,148,267,347,8.22
806,1122,1328,1557,1414,298,236,319,17.22
807,1089,1329,1547,1376,190,304,367,7.99
808,1119,1329,1561,1445,327,222,303,17.3
809,1119,1329,1524,1380,233,368,422,16.65
810,1147,1331,1555,1370,602,505,522,8.31
811,1111,1331,1561,1361,159,302,378,6.94
812,1099,1331,1554,1352,148,275,355,6.67
813,1097,1331,1559,1357,146,259,343,7.51
814,1117,1331,1529,1418,320,251,325,17.03
815,1107,1331,1561,1325,140,296,364,15.09
816,1114,1332,1544,1353,184,315,395,8.8
817,1120,1332,1553,1439,338,221,301,14.02
818,1108,1332,1563,1339,146,299,376,14.23
819,1115,1332,1565,1336,137,271,360,11.98
820,1083,1334,1580,1324,436,627,524,6.77
821,1098,1334,1553,1358,145,266,341,10.04
822,1119,1334,1561,1358,162,304,379,7.26
823,1127,1334,1537,1422,391,215,294,17.72
824,1128,1334,1518,1367,247,362,422,13.46
825,1113,1335,1555,1345,141,264,341,10.42
826,1104,1335,1568,1362,164,299,378,7.55
827,1116,1335,1563,1370,148,284,361,6.85
828,1096,1335,1581,1375,148,261,342,8.43
829,1125,1335,1562,1441,334,232,306,17.07
830,1116,1335,1557,1436,325,234,309,16.98
831,1103,1335,1569,1318,139,290,366,15.46
832,1111,1337,1537,1386,229,313,389,9.65
833,1120,1337,1553,1401,351,329,388,8.43
834,1221,1338,1648,1262,257,139,525,6.73
835,1113,1338,1566,1352,144,281,365,6.22
836,1113,1338,1562,1362,155,301,376,16.92
837,1150,1338,1527,1374,256,366,434,13.36
838,1061,1339,1612,1322,301,518,432,7.19
839,1138,1339,1559,1386,189,359,416,17.21
840,1120,1339,1555,1340,145,300,372,15.59
841,1107,1340,1592,1304,424,662,553,5.57
842,1114,1341,1559,1352,146,292,369,9.21
843,1116,1341,1572,1371,155,307,382,6.86
844,1095,1341,1573,1379,161,298,371,6.64
845,1116,1341,1577,1382,155,259,336,7.09
846,1083,1342,1562,1324,438,644,543,7.73
847,1116,1342,1585,1331,472,657,550,8.08
848,1105,1342,1574,1370,150,292,372,7.41
849,1125,1342,1598,1449,318,199,289,18.1
850,1104,1342,1558,1347,138,281,354,13.64
851,1119,1342,1562,1358,168,292,367,12.75
852,1122,1344,1579,1379,155,272,348,6.86
853,1125,1344,1594,1382,179,276,365,8.74
854,1127,1344,1588,1476,373,248,326,9.68
855,1145,1344,1558,1408,256,357,418,17.36
856,1117,1344,1569,1427,234,234,319,18.45
857,1116,1344,1568,1340,144,304,375,17.26
858,1099,1345,1582,1339,451,670,554,8.25
859,1126,1345,1591,1379,176,322,402,6.89
860,1141,1345,1607,1491,344,215,312,14.2
861,1152,1345,1572,1441,340,267,340,17.27
862,1133,1345,1543,1378,241,370,423,17.17
863,1132,1345,1576,1356,149,302,388,13.32
864,1123,1345,1570,1356,142,262,340,12.31
865,1104,1345,1555,1358,146,262,337,11.65
866,1137,1345,1563,1370,201,315,383,12.69
867,1129,1345,1532,1383,247,366,423,12.97
868,1078,1346,1586,1317,436,637,529,6.82
869,1120,1347,1574,1367,149,284,361,7.39
870,1129,1347,1544,1397,267,322,400,9.21
871,1149,1347,1565,1442,413,234,320,18.76
872,1138,1347,1596,1450,325,219,305,18.12
873,1133,1347,1579,1444,322,260,338,16.91
874,1127,1348,1596,1395,168,285,363,7.82
875,1123,1348,1591,1395,183,277,369,8.51
876,1156,1348,1522,1374,264,378,437,13.22
877,1126,1348,1535,1384,258,357,423,13.04
878,1090,1349,1592,1296,391,625,521,5.83
879,1097,1349,1597,1311,395,638,531,5.69
880,1092,1349,1592,1310,423,668,562,5.97
881,1093,1349,1591,1339,443,629,526,6.83
882,1114,1350,1580,1384,157,279,358,7.25
883,1119,1350,1583,1371,174,283,373,7.42
884,1144,1350,1588,1468,357,243,319,16.97
885,1121,1350,1557,1351,145,305,371,8.59
886,1107,1351,1605,1338,456,651,548,7.8
887,1103,1351,1608,1322,427,670,565,5.48
888,1133,1351,1584,1369,149,283,363,8.18
889,1127,1351,1594,1467,333,214,301,14.02
890,1137,1351,1607,1472,344,236,312,18.27
891,1140,1351,1574,1453,352,236,318,17.18
892,1104,1352,1600,1310,406,646,544,6.28
893,1098,1353,1590,1342,458,650,558,8.39
894,1104,1353,1595,1336,472,660,554,7.64
895,1143,1353,1581,1387,192,329,395,6.53
896,1099,1353,1568,1367,150,278,352,7.66
897,1117,1353,1591,1387,154,271,354,7.57
898,1159,1353,1531,1424,463,231,320,18.31
899,1127,1353,1584,1344,145,312,382,15.22
900,1153,1354,1585,1463,366,272,349,17.28
901,1135,1354,1533,1378,260,357,423,13.51
902,1147,1354,1543,1418,349,415,470,12.8
903,1101,1355,1596,1355,476,673,554,8.17
904,1101,1355,1596,1355,476,673,554,8
905,1121,1356,1594,1392,161,264,350,7.18
906,1135,1356,1574,1415,255,338,412,9.85
907,1134,1356,1568,1454,346,244,322,17.01
908,1111,1357,1603,1317,406,638,532,6.28
909,1114,1357,1596,1315,421,654,548,6.13
910,1126,1357,1607,1321,436,676,570,5.87
911,1089,1357,1592,1336,424,624,524,6.68
912,1135,1357,1592,1386,185,322,393,7.08
913,1133,1357,1574,1404,206,294,375,9.19
914,1144,1357,1592,1458,357,234,309,18.14
915,1104,1358,1604,1316,429,682,566,6.08
916,1109,1359,1605,1323,435,674,563,6.05
917,1122,1359,1577,1376,157,298,367,9.11
918,1137,1359,1584,1392,183,323,387,7.02
919,1143,1359,1587,1373,150,277,353,7.61
920,1147,1359,1592,1417,220,302,385,9.29
921,1117,1359,1551,1404,238,322,396,9.94
922,1157,1359,1595,1402,496,396,464,9.19
923,1139,1359,1596,1383,176,312,381,17.38
924,1138,1359,1572,1348,145,306,377,13.76
925,1137,1360,1589,1389,164,300,376,6.83
926,1131,1360,1596,1417,145,227,309,15.06
927,1121,1360,1565,1347,139,290,375,14.17
928,1106,1362,1601,1317,428,669,560,5.44
929,1117,1362,1617,1335,442,679,570,5.73
930,1089,1362,1597,1352,447,638,529,6.75
931,1089,1362,1597,1352,447,638,529,6.77
932,1131,1362,1568,1413,269,339,411,4.54
933,1116,1362,1570,1422,260,341,407,9.64
934,1129,1362,1566,1413,252,319,396,10.34
935,1147,1362,1518,1411,474,236,316,17.39
936,1147,1362,1580,1463,349,259,340,16.89
937,1143,1362,1592,1409,202,384,441,17.5
938,1126,1362,1580,1445,242,241,324,18.35
939,1121,1362,1563,1384,153,282,350,11.78
940,1123,1362,1584,1379,147,276,358,11.95
941,1177,1362,1522,1413,410,438,499,9.56
942,1100,1363,1600,1330,467,660,556,7.83
943,1095,1363,1601,1348,452,638,538,6.71
944,1123,1363,1585,1395,166,266,348,7.45
945,1127,1363,1583,1353,153,328,397,14.92
946,1153,1363,1525,1392,267,361,429,13.3
947,1106,1364,1602,1358,473,666,557,7.71
948,1107,1365,1597,1357,470,667,563,8.06
949,1147,1365,1584,1386,210,341,414,9.17
950,1128,1365,1584,1382,175,317,389,7
951,1132,1365,1594,1379,152,282,359,7.31
952,1119,1365,1577,1387,157,268,352,6.86
953,1122,1365,1559,1410,255,326,395,9.99
954,1137,1365,1579,1463,382,231,311,15.74
955,1128,1365,1613,1508,351,193,281,16.66
956,1125,1365,1603,1466,298,210,289,17.4
957,1138,1365,1606,1475,267,237,314,18.11
958,1111,1366,1623,1331,463,696,578,7.94
959,1147,1366,1592,1391,174,273,354,7.37
960,1139,1366,1599,1481,357,238,318,17.16
961,1123,1366,1609,1506,329,194,282,16.6
962,1135,1366,1603,1490,381,220,311,17.19
963,1152,1366,1532,1414,333,403,455,12.95
964,1115,1368,1587,1408,181,307,377,10.37
965,1114,1368,1581,1392,172,300,373,7.34
966,1131,1368,1606,1410,208,305,378,8.06
967,1134,1368,1566,1423,293,353,412,9.79
968,1141,1368,1572,1419,258,318,394,10.48
969,1151,1368,1610,1486,365,278,355,14.81
970,1134,1368,1595,1464,263,214,309,17.22
971,1140,1368,1579,1344,144,309,385,14.66
972,1123,1368,1583,1395,167,295,361,12.16
973,1113,1369,1613,1364,487,674,569,7.83
974,1146,1369,1592,1386,181,327,395,7.19
975,1113,1369,1609,1410,197,298,379,7.93
976,1156,1369,1610,1410,470,372,435,10.11
977,1128,1369,1613,1497,355,227,305,14.53
978,1153,1369,1584,1476,414,238,317,15.75
979,1139,1369,1588,1415,145,222,301,15.72
980,1138,1369,1606,1511,352,215,295,17.4
981,1139,1369,1602,1398,197,344,405,16.89
982,1131,1370,1623,1335,444,687,571,6.28
983,1109,1370,1624,1345,464,708,596,8.01
984,1158,1371,1548,1449,463,242,324,16.48
985,1144,1371,1591,1480,321,231,312,16.04
986,1146,1371,1592,1470,299,243,325,16.02
987,1137,1371,1598,1397,183,309,383,17.19
988,1117,1372,1624,1340,451,689,574,5.78
989,1126,1372,1632,1344,447,686,570,6.2
990,1110,1372,1636,1334,436,686,566,7.07
991,1155,1372,1600,1405,228,296,384,8.8
992,1137,1372,1592,1476,382,237,314,18.76
993,1116,1372,1598,1468,303,199,284,17.32
994,1128,1372,1602,1493,386,220,312,17.37
995,1150,1372,1613,1467,259,232,323,17.2
996,1145,1372,1602,1396,188,307,382,17.01
997,1126,1374,1635,1334,449,677,570,6.94
998,1127,1374,1599,1406,210,312,384,8.34
999,1151,1374,1591,1440,273,346,410,8.95
1000,1125,1374,1558,1413,259,328,396,8.84
1001,1147,1374,1621,1488,315,217,300,16.95
1002,1151,1374,1602,1401,185,312,385,17.09
1003,1135,1374,1594,1362,149,321,395,15.21
1004,1124,1375,1633,1336,442,690,572,6.1
1005,1128,1375,1595,1415,205,302,383,7.51
1006,1150,1375,1629,1454,194,262,343,15.27
1007,1164,1375,1543,1405,298,392,457,13.08
1008,1123,1377,1623,1337,450,681,567,5.94
1009,1130,1377,1637,1355,449,679,574,6.23
1010,1124,1377,1627,1336,465,704,590,7.83
1011,1135,1377,1648,1348,454,685,571,7.55
1012,1118,1378,1621,1372,478,677,570,7.71
1013,1134,1378,1633,1375,507,689,582,7.73
1014,1126,1378,1636,1342,446,677,562,6.28
1015,1171,1378,1611,1400,189,334,405,8.26
1016,1140,1378,1613,1448,251,282,359,9.36
1017,1153,1378,1629,1495,361,234,318,17.45
1018,1161,1378,1592,1466,373,328,394,15.58
1019,1149,1378,1600,1466,269,260,344,18.55
1020,1137,1378,1606,1396,189,333,395,17.51
1021,1162,1378,1547,1444,383,430,475,12.17
1022,1141,1379,1606,1414,198,347,410,6.68
1023,1143,1379,1587,1435,271,285,365,8.6
1024,1144,1379,1611,1437,150,234,314,15.35
1025,1199,1379,1502,1391,506,503,514,10.79
1026,1111,1380,1627,1384,483,680,566,7.27
1027,1133,1380,1641,1342,459,700,584,7.03
1028,1122,1380,1636,1352,477,709,593,8.22
1029,1128,1381,1627,1377,428,626,518,6.06
1030,1117,1381,1608,1355,485,674,571,8.31
1031,1123,1381,1618,1343,440,672,565,6.62
1032,1135,1381,1633,1346,447,682,569,6.15
1033,1126,1381,1637,1332,449,694,587,7.09
1034,1134,1381,1645,1350,463,706,593,7.64
1035,1140,1381,1609,1423,189,290,361,8.22
1036,1159,1381,1591,1429,273,327,404,10.74
1037,1168,1381,1624,1437,349,324,400,8.45
1038,1157,1381,1618,1417,481,378,457,9.54
1039,1143,1381,1614,1441,157,236,316,15.05
1040,1138,1381,1607,1404,192,323,390,16.53
1041,1129,1382,1633,1345,458,697,579,6.22
1042,1127,1382,1634,1342,459,684,574,6.03
1043,1129,1382,1626,1343,453,686,573,6.5
1044,1119,1382,1632,1330,450,689,578,6.6
1045,1129,1382,1651,1353,465,714,596,8.06
1046,1125,1382,1648,1349,474,707,591,7.82
1047,1123,1382,1642,1346,461,688,572,7.1
1048,1128,1382,1647,1351,461,696,584,7.3
1049,1132,1382,1613,1414,206,310,387,7.67
1050,1123,1382,1584,1464,305,262,334,16.45
1051,1144,1382,1629,1511,331,224,305,17
1052,1123,1382,1595,1401,155,306,376,12.49
1053,1180,1382,1520,1414,456,499,537,9.4
1054,1107,1383,1613,1349,460,659,554,6.57
1055,1131,1383,1621,1342,444,680,565,6.13
1056,1121,1383,1636,1352,453,687,578,6.14
1057,1131,1383,1644,1336,460,693,580,7.5
1058,1133,1383,1634,1350,479,714,597,7.86
1059,1128,1383,1638,1357,491,710,598,8.34
1060,1138,1383,1652,1344,455,693,577,7.6
1061,1135,1384,1639,1362,465,691,576,6.23
1062,1131,1384,1630,1352,454,682,571,6.28
1063,1113,1384,1645,1353,450,675,571,6.16
1064,1123,1384,1633,1343,462,680,565,6.57
1065,1117,1384,1630,1327,434,658,549,6.26
1066,1133,1384,1592,1422,212,317,388,7.27
1067,1135,1384,1591,1417,217,318,387,8.18
1068,1149,1384,1614,1506,406,236,322,17.71
1069,1153,1384,1609,1463,267,265,352,18.61
1070,1152,1384,1617,1404,201,335,401,16.39
1071,1118,1385,1621,1354,409,609,509,6.19
1072,1132,1385,1633,1371,499,686,582,7.58
1073,1133,1385,1632,1344,460,681,579,5.6
1074,1122,1385,1636,1344,461,698,583,6.17
1075,1136,1385,1645,1356,458,680,564,6.61
1076,1132,1385,1645,1350,452,677,573,6.34
1077,1126,1385,1641,1345,477,710,596,7.96
1078,1151,1385,1602,1420,198,299,373,8.32
1079,1146,1385,1610,1406,207,306,384,8.15
1080,1151,1385,1589,1433,268,323,404,10.7
1081,1168,1385,1621,1462,498,363,424,10.25
1082,1163,1385,1625,1502,329,226,311,16.84
1083,1151,1385,1614,1485,268,230,319,18.38
1084,1134,1385,1621,1490,286,245,325,17.85
1085,1176,1385,1558,1418,331,403,470,13.37
1086,1116,1387,1645,1348,391,600,495,6.15
1087,1133,1387,1636,1346,458,692,579,6.55
1088,1141,1387,1636,1337,446,689,579,6.4
1089,1131,1387,1656,1344,459,700,587,7.41
1090,1162,1387,1602,1417,223,295,375,8.97
1091,1164,1387,1633,1441,225,264,352,7.82
1092,1157,1387,1633,1486,224,275,353,15.35
1093,1150,1387,1609,1404,201,324,393,18.81
1094,1151,1387,1614,1413,197,311,390,17.35
1095,1119,1388,1635,1344,455,694,576,6.11
1096,1123,1388,1642,1344,446,691,577,6.17
1097,1131,1388,1639,1340,448,682,574,6.39
1098,1129,1388,1644,1341,450,703,587,6.7
1099,1134,1388,1648,1344,467,700,597,7.13
1100,1133,1388,1591,1398,174,296,376,8.99
1101,1126,1388,1603,1417,223,307,381,7.92
1102,1163,1388,1603,1493,388,317,390,15.71
1103,1162,1388,1625,1510,406,241,323,17.9
1104,1150,1388,1624,1479,274,264,336,18.89
1105,1139,1388,1620,1485,278,253,326,17.17
1106,1156,1388,1614,1482,265,238,329,17.1
1107,1118,1389,1626,1373,503,686,580,7.56
1108,1133,1389,1648,1361,462,695,583,6.21
1109,1132,1389,1632,1352,453,681,572,6.38
1110,1131,1389,1651,1353,461,698,579,6.48
1111,1129,1389,1634,1331,458,689,579,6.44
1112,1132,1389,1644,1342,456,698,580,6.46
1113,1130,1389,1644,1340,460,700,590,6.47
1114,1134,1389,1637,1341,463,700,584,6.92
1115,1130,1389,1635,1340,453,706,586,6.56
1116,1135,1389,1643,1348,468,705,591,8.43
1117,1130,1389,1659,1352,455,686,578,6.7
1118,1124,1390,1642,1356,383,587,484,7.28
1119,1138,1390,1648,1350,459,703,586,6.38
1120,1153,1390,1600,1442,280,295,379,8.82
1121,1157,1390,1622,1477,490,324,390,16.85
1122,1176,1390,1563,1458,483,273,342,17.37
1123,1156,1390,1584,1489,392,326,384,15.4
1124,1143,1390,1629,1515,353,232,312,16.94
1125,1173,1390,1551,1433,349,426,482,12.89
1126,1129,1391,1624,1358,389,614,506,6.85
1127,1140,1391,1647,1357,480,704,592,7.93
1128,1126,1391,1643,1343,468,702,587,7.71
1129,1151,1391,1620,1411,211,350,418,6.97
1130,1170,1391,1592,1433,300,369,449,10.13
1131,1158,1391,1589,1429,309,373,438,9.6
1132,1174,1391,1667,1488,496,359,432,16.47
1133,1149,1391,1615,1428,216,351,413,18.23
1134,1143,1391,1596,1391,170,340,404,14.83
1135,1187,1391,1558,1439,373,434,483,13.21
1136,1121,1393,1632,1355,474,689,580,6.38
1137,1131,1393,1652,1355,456,687,579,6.29
1138,1132,1393,1649,1349,466,703,588,6.99
1139,1143,1393,1653,1359,478,715,598,8.03
1140,1171,1393,1617,1419,181,318,390,10.5
1141,1161,1393,1605,1422,197,317,393,7.27
1142,1152,1393,1635,1433,219,353,419,12.41
1143,1155,1393,1640,1538,361,222,313,16.91
1144,1152,1393,1621,1497,384,268,343,17.09
1145,1149,1393,1615,1476,283,275,353,17.67
1146,1173,1393,1615,1380,174,328,410,14.17
1147,1140,1394,1641,1364,463,687,575,6.02
1148,1127,1394,1647,1341,462,703,593,6.74
1149,1129,1394,1648,1344,443,670,563,6.5
1150,1132,1394,1649,1353,455,668,560,6.8
1151,1151,1394,1610,1409,184,312,383,7.58
1152,1149,1394,1620,1428,211,312,389,7.45
1153,1158,1394,1603,1457,291,338,408,11.13
1154,1173,1394,1615,1446,454,376,436,9.82
1155,1175,1394,1583,1471,471,267,341,16.51
1156,1176,1394,1563,1450,481,259,334,16.72
1157,1179,1394,1555,1462,498,258,332,17.69
1158,1157,1394,1636,1522,375,299,379,15.09
1159,1153,1394,1630,1495,278,258,338,17.24
1160,1157,1394,1651,1510,283,258,337,16.79
1161,1165,1394,1618,1426,215,342,407,18.69
1162,1165,1394,1622,1411,205,324,395,16.98
1163,1164,1394,1618,1420,215,335,411,17.72
1164,1161,1394,1610,1415,206,338,404,17.55
1165,1156,1394,1611,1411,214,361,416,16.98
1166,1142,1395,1654,1354,456,682,577,6.18
1167,1138,1395,1653,1350,467,699,585,6.6
1168,1141,1395,1643,1359,488,721,607,8.27
1169,1136,1395,1644,1355,498,725,607,8.54
1170,1141,1395,1654,1353,456,692,577,7.29
1171,1140,1395,1651,1354,471,695,588,7.39
1172,1151,1396,1648,1361,491,722,601,8.31
1173,1142,1396,1659,1365,490,719,603,8.34
1174,1175,1396,1615,1454,291,344,416,11.33
1175,1173,1396,1617,1448,285,332,411,11.88
1176,1171,1396,1606,1441,309,338,405,11.56
1177,1174,1396,1635,1445,453,376,438,9.52
1178,1176,1396,1640,1520,373,243,319,13.41
1179,1151,1396,1646,1512,340,233,317,16.58
1180,1146,1396,1614,1499,397,247,323,17.09
1181,1167,1396,1617,1419,210,328,399,16.74
1182,1128,1397,1661,1363,453,691,583,5.79
1183,1168,1397,1630,1424,194,333,397,7.19
1184,1140,1397,1625,1436,217,315,387,8.27
1185,1155,1397,1614,1437,225,310,391,7.4
1186,1174,1397,1606,1493,396,324,388,15.46
1187,1161,1397,1646,1516,342,236,317,17.16
1188,1156,1397,1625,1508,338,236,308,16.48
1189,1164,1397,1648,1513,349,233,319,17.18
1190,1163,1397,1621,1427,215,338,401,17.31
1191,1146,1398,1636,1350,456,683,579,6.44
1192,1174,1399,1613,1419,227,351,413,6.83
1193,1157,1399,1654,1504,300,268,343,16.87
1194,1151,1399,1643,1513,280,258,335,16.57
1195,1164,1399,1625,1415,217,340,406,17.34
1196,1197,1399,1589,1405,285,398,459,12.89
1197,1131,1400,1635,1330,407,619,525,6.25
1198,1131,1400,1657,1346,455,699,587,6.17
1199,1140,1400,1651,1348,464,701,586,6.22
1200,1131,1400,1657,1346,455,699,587,6.68
1201,1150,1400,1615,1422,214,344,414,7.21
1202,1163,1400,1622,1429,205,321,396,7.24
1203,1151,1400,1624,1436,230,319,395,8.34
1204,1175,1400,1632,1450,441,370,438,9.08
1205,1163,1400,1636,1508,374,244,324,8.05
1206,1159,1400,1632,1516,392,275,355,13.34
1207,1165,1400,1654,1506,324,301,382,18.58
1208,1158,1400,1626,1507,327,244,319,16.39
1209,1165,1400,1659,1542,388,230,313,17.52
1210,1155,1400,1643,1501,290,261,343,17.43
1211,1173,1400,1639,1435,250,359,426,17.95
1212,1151,1400,1615,1417,180,349,410,12.81
1213,1126,1401,1646,1392,491,690,583,7.92
1214,1132,1401,1658,1367,488,724,603,8.04
1215,1142,1401,1659,1369,484,722,601,8.05
1216,1134,1401,1662,1354,460,693,574,6.26
1217,1139,1402,1649,1362,482,703,596,7.77
1218,1155,1402,1624,1402,176,327,405,7.41
1219,1159,1402,1613,1417,207,339,413,7.03
1220,1158,1402,1618,1427,201,309,387,8.23
1221,1174,1402,1626,1519,395,261,329,13.97
1222,1159,1402,1628,1468,190,276,347,15.04
1223,1187,1402,1614,1431,260,368,434,13.05
1224,1142,1403,1659,1363,461,677,565,6.11
1225,1164,1403,1636,1411,208,341,416,6.43
1226,1169,1403,1624,1422,202,342,406,8.77
1227,1170,1403,1626,1428,223,353,425,6.95
1228,1163,1403,1629,1437,216,312,387,8.82
1229,1159,1403,1606,1444,287,338,411,10.97
1230,1188,1403,1641,1498,335,309,378,18.13
1231,1162,1403,1652,1526,346,256,336,16.42
1232,1161,1403,1651,1516,355,247,325,16.95
1233,1150,1404,1654,1358,462,700,586,6.42
1234,1150,1404,1654,1358,462,700,586,6.15
1235,1140,1404,1647,1362,482,709,593,7.68
1236,1179,1405,1628,1417,238,357,435,15.69
1237,1185,1405,1640,1529,418,239,317,17.46
1238,1181,1405,1629,1431,216,328,400,18.61
1239,1157,1405,1614,1414,183,313,389,12.28
1240,1149,1406,1673,1368,484,725,604,8.85
1241,1144,1406,1671,1371,482,710,594,7.51
1242,1146,1406,1611,1423,219,356,412,6.78
1243,1171,1406,1632,1423,214,355,418,6.75
1244,1179,1406,1592,1480,461,261,334,16.83
1245,1176,1406,1629,1504,395,270,348,16.79
1246,1170,1406,1630,1520,386,299,373,11.71
1247,1173,1406,1637,1526,399,294,372,11.39
1248,1174,1406,1636,1526,388,283,365,11.53
1249,1165,1406,1651,1532,352,248,325,16.28
1250,1169,1406,1648,1520,356,243,324,17.28
1251,1137,1407,1662,1353,411,624,520,5.56
1252,1154,1408,1658,1368,479,711,597,7.6
1253,1163,1408,1637,1448,228,315,387,8.23
1254,1161,1408,1621,1446,265,346,417,8.96
1255,1170,1408,1621,1442,260,329,402,9.74
1256,1176,1408,1633,1459,304,356,424,11.62
1257,1186,1408,1650,1519,401,268,342,17.31
1258,1169,1408,1637,1520,405,282,363,16.33
1259,1168,1408,1643,1521,351,241,320,16.48
1260,1168,1408,1651,1519,344,251,331,16.75
1261,1157,1408,1630,1507,303,251,335,16.57
1262,1170,1408,1620,1432,223,357,419,17.96
1263,1169,1408,1640,1439,225,357,426,16.95
1264,1180,1408,1585,1439,331,436,479,13.5
1265,1146,1409,1682,1373,474,713,597,6.65
1266,1168,1409,1628,1420,210,333,407,7.47
1267,1168,1409,1609,1446,241,326,396,8.99
1268,1173,1409,1621,1459,300,351,418,10.26
1269,1187,1409,1566,1464,511,270,332,17.25
1270,1175,1409,1643,1522,349,239,322,16.92
1271,1159,1409,1650,1517,353,251,335,16.89
1272,1163,1409,1635,1517,415,244,326,17.13
1273,1171,1409,1644,1429,239,361,426,17.25
1274,1187,1409,1611,1441,325,407,467,12.66
1275,1206,1409,1598,1432,307,409,475,12.66
1276,1146,1410,1642,1405,513,690,582,7.7
1277,1147,1410,1665,1367,477,711,594,7.6
1278,1142,1410,1658,1355,459,678,573,6.74
1279,1204,1411,1602,1445,326,436,484,8.04
1280,1161,1411,1620,1441,199,302,382,9.42
1281,1167,1411,1628,1473,271,321,388,9.5
1282,1194,1411,1648,1491,516,368,429,14.58
1283,1182,1411,1620,1542,534,318,389,13.4
1284,1180,1411,1625,1499,309,261,340,18.54
1285,1191,1411,1611,1439,299,410,470,12.74
1286,1129,1412,1638,1327,419,637,527,5.36
1287,1182,1412,1641,1431,258,381,451,9.24
1288,1162,1412,1626,1426,199,330,393,7.5
1289,1149,1412,1625,1427,208,330,396,9.32
1290,1156,1412,1633,1433,227,313,396,7.6
1291,1185,1412,1610,1532,547,339,414,13.13
1292,1173,1412,1640,1511,355,259,336,16.78
1293,1173,1412,1652,1451,263,369,430,17.4
1294,1141,1413,1654,1353,454,649,550,6
1295,1157,1414,1681,1370,474,705,598,6.95
1296,1168,1414,1648,1439,211,326,405,7.68
1297,1181,1414,1641,1457,230,318,390,9.25
1298,1168,1414,1622,1442,245,316,405,9.52
1299,1163,1414,1628,1510,327,265,347,15.89
1300,1156,1414,1655,1555,361,213,296,16.55
1301,1168,1414,1667,1541,379,247,328,17.32
1302,1163,1414,1646,1502,289,266,342,17.13
1303,1175,1414,1658,1455,264,366,441,17.2
1304,1158,1415,1632,1437,216,326,404,7.36
1305,1181,1415,1630,1424,210,349,417,6.59
1306,1177,1415,1651,1476,281,316,387,8.28
1307,1177,1415,1672,1535,347,273,354,18.6
1308,1163,1415,1652,1512,291,260,337,16.73
1309,1179,1415,1621,1419,194,350,419,12.4
1310,1189,1415,1576,1459,383,472,508,11.42
1311,1146,1416,1646,1344,455,644,549,5.91
1312,1183,1417,1632,1431,245,373,431,10.67
1313,1176,1417,1636,1427,208,342,414,7.62
1314,1147,1417,1625,1432,211,327,385,7.86
1315,1171,1417,1659,1476,263,353,424,8.12
1316,1157,1417,1625,1468,291,324,388,9.01
1317,1188,1417,1656,1473,440,361,423,10.41
1318,1187,1417,1666,1517,343,330,411,18.19
1319,1180,1417,1637,1440,236,362,431,17.09
1320,1199,1418,1615,1459,340,461,496,7.85
1321,1189,1418,1626,1429,232,356,422,6.82
1322,1187,1418,1624,1467,520,378,431,14.53
1323,1187,1418,1684,1565,386,222,314,16.63
1324,1173,1418,1661,1537,357,250,324,16.3
1325,1188,1418,1670,1457,269,373,436,17.49
1326,1171,1419,1651,1472,424,358,418,9.92
1327,1187,1419,1633,1546,547,324,390,14.44
1328,1183,1419,1651,1542,415,276,352,15.12
1329,1200,1419,1695,1510,515,376,443,17.83
1330,1177,1419,1641,1532,357,294,367,16.11
1331,1186,1419,1654,1484,194,277,352,14.92
1332,1168,1419,1677,1566,375,226,307,16.65
1333,1162,1419,1659,1522,348,265,343,16.57
1334,1169,1419,1643,1507,304,265,347,17.71
1335,1188,1419,1639,1454,246,359,429,17.46
1336,1151,1421,1668,1365,475,669,564,6.14
1337,1195,1421,1651,1449,272,397,465,9.4
1338,1181,1421,1633,1433,225,355,423,6.97
1339,1195,1421,1650,1568,565,316,389,18.94
1340,1179,1421,1655,1535,408,332,402,14.44
1341,1191,1421,1647,1522,388,304,366,15.64
1342,1180,1421,1661,1522,361,265,341,16.33
1343,1163,1421,1656,1530,357,266,332,17.1
1344,1183,1421,1656,1464,274,363,428,16.89
1345,1149,1422,1668,1354,442,658,557,6.22
1346,1152,1422,1668,1407,544,717,604,7.73
1347,1169,1422,1639,1439,214,329,401,7
1348,1180,1422,1650,1455,229,340,413,7.73
1349,1186,1422,1644,1448,238,328,405,8.32
1350,1183,1422,1644,1455,241,332,408,8.67
1351,1173,1422,1670,1524,362,273,349,16.61
1352,1175,1422,1644,1526,418,283,359,16.68
1353,1170,1422,1643,1520,321,265,343,18.32
1354,1177,1422,1643,1415,205,363,422,14.69
1355,1154,1423,1663,1355,464,657,553,6.49
1356,1192,1424,1655,1433,202,323,404,8.69
1357,1199,1424,1651,1532,346,265,338,16.28
1358,1191,1424,1669,1532,390,324,396,16.61
1359,1200,1424,1662,1522,348,323,388,17.35
1360,1185,1424,1695,1583,386,232,318,16.77
1361,1182,1424,1682,1543,377,276,350,16.52
1362,1191,1424,1670,1541,374,272,350,17.09
1363,1210,1424,1680,1463,276,374,448,18.26
1364,1182,1424,1647,1433,224,375,440,16.95
1365,1207,1424,1655,1440,220,392,464,8.71
1366,1204,1425,1611,1460,343,453,501,8.26
1367,1182,1425,1629,1448,282,402,460,8.66
1368,1165,1425,1635,1479,290,305,378,7.95
1369,1179,1425,1646,1476,316,306,384,9.06
1370,1191,1425,1656,1472,452,369,437,9.85
1371,1192,1425,1647,1480,534,376,441,17.28
1372,1200,1425,1656,1491,540,379,434,15.43
1373,1182,1425,1656,1534,378,315,378,16.23
1374,1193,1425,1666,1532,371,309,383,16.42
1375,1175,1425,1665,1544,383,268,338,16.8
1376,1186,1425,1661,1459,267,375,426,17.29
1377,1186,1425,1651,1424,219,384,444,15.23
1378,1197,1425,1621,1450,305,396,453,13.2
1379,1224,1425,1610,1484,392,465,514,12.74
1380,1157,1427,1651,1345,460,656,557,6.43
1381,1201,1427,1658,1445,251,384,441,8.1
1382,1195,1427,1656,1455,223,353,420,10.44
1383,1176,1427,1641,1450,214,335,401,7.19
1384,1171,1427,1650,1449,234,333,412,7.86
1385,1189,1427,1639,1440,446,363,432,10.17
1386,1189,1427,1659,1535,434,324,391,16.33
1387,1203,1427,1658,1532,364,317,384,18.14
1388,1176,1427,1669,1569,375,210,299,16.57
1389,1182,1427,1655,1535,428,293,364,17.59
1390,1191,1427,1663,1460,278,378,443,18.22
1391,1181,1428,1644,1522,422,344,400,16.25
1392,1191,1428,1678,1530,352,317,391,18.6
1393,1167,1428,1699,1578,384,226,316,16.84
1394,1171,1428,1666,1530,369,271,346,16.59
1395,1193,1428,1667,1552,453,276,354,17.37
1396,1180,1428,1663,1526,294,251,332,15.76
1397,1219,1430,1592,1470,395,452,501,11.4
1398,1189,1430,1652,1455,246,364,432,7.16
1399,1193,1430,1648,1471,302,384,447,10.72
1400,1198,1430,1640,1563,560,333,389,11.16
1401,1181,1430,1663,1538,430,305,390,17.93
1402,1195,1430,1672,1563,371,307,378,17.21
1403,1175,1431,1640,1460,291,357,428,8.58
1404,1177,1431,1646,1534,415,301,366,14.88
1405,1187,1431,1706,1565,379,299,387,17.94
1406,1187,1431,1661,1455,274,368,437,16.27
1407,1230,1431,1606,1473,402,459,506,11.56
1408,1152,1433,1669,1361,468,665,564,6.21
1409,1185,1433,1650,1442,219,346,413,6.86
1410,1203,1433,1659,1448,217,362,437,7.04
1411,1198,1433,1673,1551,431,345,410,15.86
1412,1186,1433,1681,1543,383,271,350,16.59
1413,1174,1433,1654,1529,361,267,337,16.44
1414,1188,1433,1665,1559,446,271,343,17.43
1415,1195,1433,1662,1462,272,372,434,17.63
1416,1185,1434,1650,1472,276,367,428,8.48
1417,1191,1434,1663,1491,313,335,414,8.32
1418,1207,1434,1661,1510,523,369,432,15.71
1419,1197,1434,1673,1537,360,309,383,18.32
1420,1180,1434,1699,1581,393,242,328,17.02
1421,1194,1434,1673,1555,381,271,346,16.24
1422,1186,1434,1680,1559,415,258,337,17.76
1423,1234,1436,1617,1481,391,467,510,11.24
1424,1197,1436,1640,1462,278,389,444,5.97
1425,1197,1436,1644,1477,296,356,432,9.04
1426,1209,1436,1643,1561,560,338,402,13.31
1427,1200,1436,1658,1546,355,285,363,16.67
1428,1193,1436,1659,1537,388,342,411,15.24
1429,1199,1436,1647,1530,397,321,395,15.81
1430,1188,1436,1703,1556,382,292,373,17.81
1431,1201,1436,1682,1552,386,273,346,15.59
1432,1186,1436,1676,1551,374,267,349,16.41
1433,1179,1436,1648,1525,308,251,334,18.9
1434,1201,1436,1670,1463,258,369,436,18.82
1435,1189,1436,1674,1470,250,375,436,17.77
1436,1187,1436,1654,1455,255,362,428,17.62
1437,1193,1436,1661,1433,219,384,438,17.63
1438,1217,1437,1624,1473,379,467,512,8.44
1439,1170,1437,1661,1482,251,359,419,8.48
1440,1193,1437,1629,1468,308,367,428,9.22
1441,1191,1437,1695,1550,426,294,375,17.01
1442,1185,1437,1665,1550,365,260,336,17.01
1443,1194,1437,1656,1453,247,366,431,17.73
1444,1194,1437,1663,1457,255,356,425,18.19
1445,1204,1437,1674,1482,285,385,438,17.99
1446,1192,1437,1651,1449,233,392,438,8.57
1447,1193,1439,1670,1477,252,351,423,8.19
1448,1194,1439,1685,1511,337,356,430,8.57
1449,1224,1439,1655,1575,584,339,411,16.57
1450,1207,1439,1684,1552,383,324,402,16.42
1451,1205,1439,1676,1535,368,333,399,17.81
1452,1195,1439,1661,1557,449,270,348,16.89
1453,1188,1439,1685,1559,348,277,350,17.33
1454,1192,1439,1663,1468,278,369,432,17.11
1455,1212,1439,1676,1475,277,384,443,18.08
1456,1205,1439,1680,1468,282,368,436,18.61
1457,1221,1439,1622,1495,397,463,510,12.93
1458,1173,1440,1682,1380,487,675,574,6.36
1459,1182,1440,1652,1458,241,355,416,6.98
1460,1192,1440,1661,1448,230,356,424,8.13
1461,1203,1440,1666,1506,225,298,366,12.66
1462,1198,1440,1673,1542,375,327,400,18.32
1463,1197,1440,1680,1555,371,287,364,18.26
1464,1217,1440,1693,1563,391,290,364,15.12
1465,1195,1440,1667,1572,453,277,341,17.52
1466,1194,1440,1681,1480,285,396,455,17.84
1467,1205,1440,1656,1426,214,374,451,14.9
1468,1217,1440,1625,1502,397,461,517,12.77
1469,1219,1442,1622,1455,349,444,501,7.9
1470,1188,1442,1643,1454,252,344,411,8.38
1471,1206,1442,1639,1475,324,380,446,10.29
1472,1200,1442,1667,1557,444,335,396,11.15
1473,1199,1442,1689,1555,387,319,388,17.07
1474,1204,1442,1676,1556,388,313,373,18.7
1475,1183,1442,1666,1565,378,272,360,17.13
1476,1158,1443,1679,1375,451,659,553,6.01
1477,1169,1443,1686,1373,467,664,561,6.44
1478,1222,1443,1624,1481,400,474,517,9.34
1479,1203,1443,1669,1467,250,363,426,7.04
1480,1188,1443,1656,1458,261,350,416,7.88
1481,1189,1443,1637,1463,302,370,431,11.21
1482,1207,1443,1672,1494,296,332,404,8.5
1483,1193,1443,1669,1491,391,339,411,14.26
1484,1210,1443,1698,1578,395,336,404,16.42
1485,1221,1443,1702,1557,378,345,414,17.87
1486,1205,1443,1691,1553,370,300,375,18.19
1487,1188,1443,1684,1584,393,238,303,16.37
1488,1179,1443,1669,1544,373,279,350,16.87
1489,1189,1443,1699,1551,321,253,344,15.64
1490,1200,1445,1672,1470,252,389,447,7.42
1491,1198,1445,1667,1502,320,390,449,7.95
1492,1187,1445,1652,1485,296,376,431,10.71
1493,1205,1445,1680,1560,374,293,372,16.05
1494,1203,1445,1669,1541,374,321,387,16.92
1495,1206,1445,1676,1475,276,379,451,17.16
1496,1205,1445,1643,1471,296,402,453,11.87
1497,1166,1446,1688,1381,427,638,540,5.77
1498,1230,1446,1658,1485,366,469,525,10.74
1499,1221,1446,1610,1479,397,463,506,10.79
1500,1182,1446,1651,1450,233,351,414,7.24
1501,1195,1446,1693,1512,326,345,419,8.25
1502,1210,1446,1688,1516,258,316,383,16.22
1503,1215,1446,1711,1583,434,336,410,16.22
1504,1199,1446,1685,1556,377,302,367,17.76
1505,1188,1446,1702,1574,381,290,365,17.88
1506,1215,1446,1682,1586,415,292,367,17.94
1507,1204,1446,1708,1577,395,281,360,16.04
1508,1175,1446,1691,1582,386,242,313,16.36
1509,1200,1446,1691,1565,384,283,356,16.69
1510,1205,1446,1661,1462,249,370,435,18.81
1511,1174,1448,1659,1462,245,367,428,7.18
1512,1207,1448,1661,1460,251,368,436,7.14
1513,1207,1448,1665,1495,324,380,441,10.96
1514,1192,1448,1641,1488,334,389,444,11.02
1515,1188,1448,1654,1504,313,327,397,7.52
1516,1213,1448,1682,1498,415,341,404,12.15
1517,1198,1448,1673,1550,441,293,369,17.79
1518,1198,1448,1684,1551,445,342,416,15.86
1519,1194,1448,1682,1541,371,336,401,16.94
1520,1216,1448,1696,1551,377,333,402,18.08
1521,1194,1448,1698,1583,396,288,358,15.62
1522,1194,1448,1682,1551,381,271,350,16.67
1523,1205,1449,1677,1497,329,372,444,10.32
1524,1199,1449,1661,1503,333,340,411,8.83
1525,1197,1449,1696,1513,418,351,417,14.5
1526,1205,1449,1717,1573,383,309,389,17.69
1527,1195,1449,1696,1588,402,250,334,17.54
1528,1180,1451,1696,1386,467,661,557,6.8
1529,1209,1451,1684,1468,246,398,458,7.24
1530,1211,1451,1665,1513,330,374,437,10.89
1531,1211,1451,1654,1497,364,431,488,9.6
1532,1168,1451,1666,1507,311,339,404,7.79
1533,1197,1451,1670,1512,339,355,422,8.9
1534,1216,1451,1647,1572,580,340,400,18.14
1535,1209,1451,1715,1608,418,281,360,15.44
1536,1204,1451,1734,1606,410,288,366,16.13
1537,1188,1451,1693,1586,402,253,326,16.81
1538,1213,1451,1708,1584,393,270,355,16.72
1539,1199,1451,1687,1572,408,281,348,17.07
1540,1186,1451,1669,1552,412,265,334,16.98
1541,1199,1451,1670,1561,459,296,360,17.43
1542,1201,1451,1703,1570,352,266,348,14.94
1543,1217,1451,1684,1480,265,375,443,18.32
1544,1206,1451,1688,1486,298,389,446,18.74
1545,1230,1452,1637,1493,382,474,518,10.95
1546,1212,1452,1646,1495,329,370,434,11.18
1547,1207,1452,1691,1551,373,353,422,17.78
1548,1199,1452,1699,1591,402,253,331,16.58
1549,1194,1452,1711,1577,371,284,355,17.11
1550,1234,1452,1621,1501,412,481,522,13.03
1551,1219,1454,1670,1477,281,406,459,6.73
1552,1223,1454,1677,1476,260,375,438,7.27
1553,1227,1454,1670,1587,597,367,425,16.84
1554,1210,1454,1673,1548,348,289,361,15.75
1555,1186,1454,1688,1568,382,249,326,16.6
1556,1200,1454,1691,1568,362,295,367,17.65
1557,1189,1454,1706,1569,344,258,340,15.24
1558,1188,1454,1689,1555,351,266,352,16.28
1559,1194,1454,1703,1563,330,282,358,16.9
1560,1195,1455,1681,1560,448,313,385,17.13
1561,1199,1455,1662,1560,441,301,369,15.98
1562,1203,1455,1692,1516,242,318,390,15.33
1563,1207,1455,1695,1555,381,353,426,18.26
1564,1198,1455,1700,1577,390,288,365,15.73
1565,1211,1455,1698,1573,412,288,356,16.87
1566,1197,1455,1673,1563,462,315,375,17.26
1567,1197,1456,1665,1467,286,404,465,9.41
1568,1210,1456,1696,1573,450,311,379,17.01
1569,1216,1456,1714,1572,371,340,413,13.13
1570,1205,1456,1706,1596,405,241,325,16.98
1571,1205,1456,1687,1560,393,287,364,15.62
1572,1207,1456,1706,1577,357,266,347,14.49
1573,1210,1456,1681,1476,277,381,442,18.05
1574,1249,1456,1569,1522,622,566,566,7.39
1575,1172,1457,1697,1385,473,670,563,6.08
1576,1185,1458,1698,1433,525,699,585,6.5
1577,1205,1458,1676,1520,361,361,429,8.12
1578,1205,1458,1682,1497,428,361,431,10.2
1579,1233,1458,1696,1610,602,357,428,18.72
1580,1218,1458,1688,1553,344,289,360,15.76
1581,1228,1458,1700,1587,430,335,407,16.09
1582,1209,1458,1710,1566,383,345,414,18.2
1583,1198,1458,1710,1581,393,282,350,17.08
1584,1221,1459,1698,1534,259,319,393,14.48
1585,1217,1459,1700,1568,381,345,417,17.96
1586,1217,1459,1708,1574,401,334,407,18.84
1587,1216,1459,1706,1557,378,342,414,17.87
1588,1213,1459,1713,1581,384,302,371,18.51
1589,1194,1459,1706,1578,379,275,354,16.93
1590,1212,1459,1696,1572,409,283,358,16.48
1591,1178,1461,1707,1399,490,681,572,6.07
1592,1233,1461,1637,1493,378,486,524,8.34
1593,1207,1461,1667,1495,327,398,461,10.74
1594,1217,1461,1699,1524,342,339,414,8.78
1595,1210,1461,1700,1551,383,329,404,18.06
1596,1216,1461,1719,1582,400,329,405,18.64
1597,1215,1461,1713,1565,388,317,404,17.91
1598,1215,1461,1708,1581,384,302,383,18.11
1599,1228,1461,1695,1594,487,290,366,16.88
1600,1197,1461,1706,1568,343,277,359,17.55
1601,1203,1461,1707,1577,365,283,361,15.3
1602,1215,1461,1678,1459,192,383,447,12.36
1603,1228,1461,1672,1463,227,395,454,8.8
1604,1083,1462,2102,1905,677,1636,1692,10.08
1605,1213,1462,1685,1460,239,383,443,7.37
1606,1207,1462,1696,1568,461,335,405,17.04
1607,1212,1462,1700,1565,375,335,405,10.75
1608,1228,1462,1714,1568,397,358,426,17.04
1609,1227,1462,1704,1568,400,361,422,17.46
1610,1212,1462,1713,1572,408,326,397,18.2
1611,1198,1462,1700,1604,412,287,360,15.6
1612,1228,1462,1719,1599,410,293,373,15.44
1613,1209,1462,1713,1587,357,271,343,15.74
1614,1237,1462,1656,1494,340,418,476,12.86
1615,1216,1464,1672,1488,299,400,458,8.98
1616,1207,1464,1676,1508,338,386,446,10.45
1617,1223,1464,1672,1519,381,419,476,9.39
1618,1224,1464,1696,1535,427,407,459,7.78
1619,1223,1464,1708,1560,390,349,411,17.52
1620,1205,1464,1714,1574,412,341,407,18.44
1621,1216,1464,1708,1577,401,326,390,17.9
1622,1203,1464,1707,1586,399,273,346,16.94
1623,1211,1464,1703,1578,395,292,365,16.98
1624,1223,1464,1708,1586,421,293,359,17.06
1625,1179,1465,1703,1397,467,661,565,5.84
1626,1215,1465,1681,1477,260,387,443,7.45
1627,1213,1465,1702,1574,400,333,395,18.47
1628,1210,1465,1700,1575,391,281,349,16.89
1629,1212,1465,1726,1600,371,275,347,15.59
1630,1223,1467,1693,1578,479,334,396,15.15
1631,1218,1467,1688,1579,410,311,379,16.56
1632,1211,1467,1708,1587,412,304,373,15.03
1633,1212,1467,1708,1604,417,250,329,16.55
1634,1195,1467,1702,1583,362,262,343,14.99
1635,1237,1467,1669,1485,299,398,464,12.38
1636,1218,1468,1669,1497,303,380,438,11.15
1637,1207,1468,1681,1497,316,381,436,11.41
1638,1222,1468,1711,1588,405,338,408,18.14
1639,1221,1468,1717,1573,410,338,404,17.68
1640,1217,1468,1688,1596,419,328,391,17.57
1641,1209,1468,1717,1590,409,313,376,16.63
1642,1210,1468,1719,1587,360,288,356,15.47
1643,1198,1470,1707,1405,470,658,556,5.58
1644,1198,1470,1707,1405,470,658,556,5.54
1645,1224,1470,1703,1517,333,384,444,10.04
1646,1218,1470,1673,1507,320,373,438,10.94
1647,1218,1470,1710,1532,437,379,436,15.39
1648,1223,1470,1688,1569,392,313,376,16.4
1649,1221,1470,1696,1561,412,347,407,15.83
1650,1219,1470,1714,1574,402,344,408,18.24
1651,1224,1470,1718,1591,405,312,382,18.13
1652,1217,1470,1710,1600,426,317,381,17.99
1653,1199,1470,1700,1586,396,277,353,16.89
1654,1215,1470,1711,1579,417,312,382,15.63
1655,1223,1470,1698,1604,476,289,356,18.16
1656,1221,1470,1714,1592,483,310,377,17.12
1657,1210,1470,1711,1572,355,304,378,18.52
1658,1210,1471,1656,1503,347,396,453,9.91
1659,1222,1471,1689,1532,280,333,405,14.9
1660,1240,1471,1718,1578,432,341,411,16.22
1661,1236,1471,1699,1570,406,352,419,16.55
1662,1218,1471,1713,1599,428,285,359,16.99
1663,1215,1471,1726,1579,366,292,373,17.93
1664,1212,1471,1724,1584,371,279,350,15.51
1665,1213,1471,1725,1570,356,311,384,18.84
1666,1185,1473,1683,1418,571,748,630,5.58
1667,1248,1473,1681,1498,375,477,531,11.65
1668,1254,1473,1682,1525,406,501,543,8.16
1669,1224,1473,1703,1519,356,353,435,8.99
1670,1229,1473,1706,1522,454,384,446,10.27
1671,1212,1473,1692,1594,405,304,373,17.69
1672,1230,1473,1732,1610,421,324,395,15
1673,1230,1473,1717,1614,428,262,337,16.91
1674,1223,1473,1718,1626,440,262,342,17.14
1675,1219,1473,1722,1586,406,295,363,16.81
1676,1199,1473,1699,1575,404,294,360,17.29
1677,1223,1473,1717,1584,362,270,358,17.36
1678,1205,1473,1724,1590,364,279,352,15.21
1679,1216,1473,1719,1582,361,279,360,15.65
1680,1227,1473,1688,1484,251,413,475,9.83
1681,1213,1474,1704,1530,342,384,447,10.53
1682,1227,1474,1680,1512,327,393,455,11.37
1683,1216,1474,1699,1556,334,345,406,13.96
1684,1237,1474,1699,1572,419,342,407,16.15
1685,1227,1474,1724,1595,415,358,428,18.43
1686,1218,1474,1728,1618,424,271,347,16.61
1687,1230,1476,1680,1498,307,425,477,8.44
1688,1234,1476,1684,1511,352,431,492,9.1
1689,1221,1476,1702,1587,444,358,411,15.85
1690,1206,1476,1700,1595,422,309,376,17.37
1691,1207,1476,1719,1614,428,276,347,16.52
1692,1210,1476,1717,1606,432,264,342,16.48
1693,1225,1476,1725,1600,437,302,370,16.96
1694,1222,1476,1722,1596,388,282,363,15.93
1695,1217,1476,1732,1592,360,267,356,14.94
1696,1227,1477,1708,1579,401,336,408,10.55
1697,1241,1477,1708,1573,408,355,419,17.44
1698,1198,1477,1700,1570,397,290,361,16.93
1699,1215,1477,1718,1591,368,270,344,15.38
1700,1216,1477,1706,1569,337,273,350,16.93
1701,1203,1479,1729,1418,504,696,586,6.07
1702,1235,1479,1665,1516,402,484,520,8.75
1703,1252,1479,1667,1512,392,483,535,8.95
1704,1240,1479,1682,1530,427,478,526,8.63
1705,1230,1479,1693,1495,324,442,494,9.25
1706,1223,1479,1678,1502,334,409,464,8.31
1707,1213,1479,1715,1534,446,385,443,18.9
1708,1234,1479,1713,1579,417,363,418,18.49
1709,1227,1479,1732,1628,435,294,372,15.66
1710,1240,1479,1696,1480,259,425,479,9.82
1711,1215,1480,1680,1525,346,401,458,9.64
1712,1235,1480,1721,1532,466,402,459,10.9
1713,1237,1480,1717,1541,426,342,410,13.37
1714,1241,1480,1708,1595,501,362,426,16.48
1715,1245,1480,1711,1587,397,349,412,18.2
1716,1227,1480,1726,1588,404,357,424,17.69
1717,1207,1480,1719,1603,417,315,387,17.63
1718,1217,1480,1717,1603,388,296,366,17.55
1719,1210,1480,1724,1587,346,290,371,16.67
1720,1202,1481,1735,1424,504,691,586,6.56
1721,1219,1482,1695,1502,300,397,458,8.72
1722,1221,1482,1703,1495,281,418,472,8.57
1723,1236,1482,1706,1594,483,342,407,17.31
1724,1240,1482,1741,1609,434,344,416,17.98
1725,1233,1482,1715,1614,439,345,411,17.53
1726,1230,1482,1751,1631,443,277,354,17.5
1727,1230,1482,1719,1603,461,298,364,17.34
1728,1221,1482,1728,1591,356,278,356,16.1
1729,1211,1482,1730,1594,373,285,354,15.65
1730,1219,1482,1748,1619,379,275,358,15.33
1731,1218,1482,1732,1587,370,294,379,18.32
1732,1233,1483,1700,1501,322,431,484,9.56
1733,1225,1483,1703,1489,264,402,464,7.2
1734,1248,1483,1693,1519,381,441,500,9.17
1735,1229,1483,1747,1570,520,390,453,18.2
1736,1235,1483,1729,1599,421,340,404,18.08
1737,1234,1483,1722,1591,401,347,422,17.75
1738,1225,1483,1744,1653,443,298,376,15.77
1739,1234,1483,1722,1608,459,311,371,17.13
1740,1216,1483,1744,1601,360,293,373,15.82
1741,1209,1483,1729,1584,373,313,387,18.06
1742,1246,1485,1669,1516,400,470,513,8.1
1743,1252,1485,1708,1495,278,421,475,7.97
1744,1224,1485,1692,1586,466,329,395,14.61
1745,1236,1485,1724,1592,406,317,384,17.78
1746,1231,1485,1733,1606,426,322,391,15.33
1747,1201,1486,1740,1448,520,704,596,6.63
1748,1247,1486,1725,1537,450,376,435,11.3
1749,1236,1486,1737,1568,560,412,467,18.72
1750,1245,1486,1714,1597,435,332,405,16.36
1751,1236,1486,1715,1573,378,356,414,10.48
1752,1234,1486,1718,1582,396,361,429,10.62
1753,1242,1486,1715,1609,494,389,449,15.24
1754,1231,1486,1726,1579,408,357,419,18.19
1755,1227,1486,1734,1599,408,352,420,18
1756,1240,1486,1728,1610,417,317,385,17.88
1757,1224,1486,1740,1626,459,304,373,16.68
1758,1207,1486,1710,1590,405,285,364,17.03
1759,1246,1488,1684,1538,428,509,547,9.17
1760,1271,1488,1673,1513,399,481,534,7.84
1761,1231,1488,1713,1502,251,398,464,7.37
1762,1239,1488,1711,1504,300,414,479,6.61
1763,1229,1488,1717,1548,373,374,447,8.85
1764,1240,1488,1702,1586,480,352,413,16.12
1765,1236,1488,1745,1632,432,319,394,15.89
1766,1249,1488,1750,1617,449,330,391,14.78
1767,1230,1488,1711,1595,422,305,370,17.01
1768,1210,1488,1736,1588,349,277,358,16.48
1769,1195,1489,1730,1446,519,697,596,6.93
1770,1253,1489,1669,1513,392,503,543,8.28
1771,1259,1489,1684,1519,391,521,547,11.39
1772,1263,1489,1667,1515,406,489,532,11.03
1773,1269,1489,1703,1538,435,506,552,8.27
1774,1230,1489,1715,1519,311,400,464,8.32
1775,1229,1489,1715,1529,329,415,472,7.8
1776,1234,1489,1725,1539,374,375,448,9.69
1777,1240,1489,1728,1551,474,402,463,17.31
1778,1251,1489,1733,1618,594,363,422,17.77
1779,1245,1489,1726,1614,518,369,435,16.6
1780,1236,1489,1713,1592,414,335,407,16.33
1781,1253,1489,1721,1587,419,357,419,18.16
1782,1236,1489,1739,1600,409,347,412,17.42
1783,1219,1489,1756,1605,390,307,388,15.63
1784,1261,1491,1684,1522,388,503,542,11.58
1785,1241,1491,1685,1530,406,472,522,8.03
1786,1234,1491,1702,1504,295,412,476,6.71
1787,1235,1491,1702,1529,331,400,460,9.6
1788,1254,1491,1708,1532,388,458,513,9.85
1789,1221,1491,1704,1544,371,372,432,9.31
1790,1252,1491,1711,1622,604,351,407,17.9
1791,1245,1491,1695,1591,434,340,402,16.45
1792,1240,1491,1734,1608,434,324,393,15.77
1793,1230,1491,1760,1621,418,309,390,16.5
1794,1231,1491,1724,1614,388,270,356,14.92
1795,1247,1492,1719,1619,591,347,416,17.13
1796,1235,1492,1732,1605,523,376,431,17.93
1797,1242,1492,1741,1630,444,324,393,15.95
1798,1242,1492,1737,1621,435,319,390,15.33
1799,1251,1492,1754,1618,419,346,410,15.54
1800,1229,1492,1729,1605,435,329,399,16.11
1801,1229,1492,1740,1610,381,287,376,16.12
1802,1242,1492,1706,1499,286,436,493,9.46
1803,1198,1493,1730,1447,529,695,592,6.81
1804,1243,1494,1689,1529,396,499,532,11.41
1805,1219,1494,1703,1555,366,374,428,8.57
1806,1235,1494,1740,1552,454,384,451,18.87
1807,1225,1494,1740,1636,434,309,365,17.25
1808,1240,1494,1745,1631,431,332,404,15.4
1809,1243,1494,1744,1619,434,339,402,14.87
1810,1243,1494,1737,1617,439,310,371,15.62
1811,1219,1495,1726,1526,320,413,469,8.78
1812,1239,1495,1689,1525,374,452,500,9.93
1813,1255,1495,1755,1623,479,375,446,16.28
1814,1231,1495,1744,1636,439,295,376,16.21
1815,1224,1495,1763,1639,449,335,402,14.82
1816,1235,1495,1743,1617,434,326,400,14.77
1817,1247,1495,1728,1625,527,323,390,17.07
1818,1227,1496,1718,1526,316,403,467,8.16
1819,1245,1496,1710,1556,375,430,482,10.16
1820,1248,1496,1710,1542,374,434,489,9.94
1821,1257,1496,1713,1610,609,378,424,18.43
1822,1247,1496,1736,1597,523,384,438,18.17
1823,1248,1496,1763,1614,432,350,420,17.48
1824,1241,1496,1739,1609,415,326,394,18.42
1825,1233,1496,1752,1634,401,287,367,14.47
1826,1219,1498,1737,1453,533,703,592,6.51
1827,1253,1498,1715,1533,388,460,519,9.82
1828,1227,1498,1703,1591,501,357,412,14.73
1829,1251,1498,1743,1623,518,352,424,14.6
1830,1233,1498,1722,1600,423,328,391,16.4
1831,1234,1498,1741,1592,375,283,365,15.42
1832,1264,1499,1680,1535,428,495,543,8.51
1833,1237,1499,1710,1497,285,389,451,5.94
1834,1239,1499,1732,1565,390,386,447,8.32
1835,1251,1499,1745,1648,458,346,410,17.4
1836,1240,1499,1744,1643,434,304,372,17.21
1837,1246,1499,1743,1644,456,322,388,15.91
1838,1257,1499,1743,1639,443,324,390,15.33
1839,1248,1499,1747,1632,439,336,407,15
1840,1231,1499,1759,1643,478,312,387,16.69
1841,1235,1499,1745,1618,406,310,381,16.55
1842,1222,1499,1754,1608,383,304,377,16.04
1843,1218,1500,1743,1468,539,708,607,6.71
1844,1254,1501,1713,1512,302,417,473,6.97
1845,1249,1501,1747,1566,474,407,466,15.92
1846,1249,1501,1737,1603,490,359,417,16.54
1847,1253,1501,1728,1625,511,400,460,15.65
1848,1237,1501,1730,1606,404,333,399,17.68
1849,1243,1501,1732,1630,426,328,402,17.74
1850,1222,1501,1732,1610,418,299,375,17.17
1851,1278,1502,1685,1524,414,512,553,8.19
1852,1219,1502,1714,1560,388,395,449,8.38
1853,1247,1502,1730,1636,426,317,391,17.99
1854,1242,1502,1758,1649,443,345,401,14.84
1855,1236,1502,1758,1630,384,295,370,15.88
1856,1230,1502,1760,1610,387,294,373,15.03
1857,1246,1504,1736,1556,364,425,477,10.75
1858,1255,1504,1740,1618,525,375,436,16.72
1859,1247,1504,1751,1622,507,363,440,15.76
1860,1234,1504,1756,1641,437,332,396,17.46
1861,1251,1504,1755,1649,445,319,395,15.61
1862,1239,1504,1752,1637,404,278,364,14.87
1863,1229,1504,1734,1597,375,310,378,17.69
1864,1211,1505,1757,1439,528,698,593,6.29
1865,1117,1505,1841,1592,451,692,548,11.93
1866,1234,1505,1722,1573,384,398,457,8.43
1867,1252,1505,1781,1615,550,397,459,18.42
1868,1258,1505,1721,1605,424,352,412,16.15
1869,1265,1505,1721,1613,511,401,455,14.77
1870,1240,1505,1737,1597,430,344,406,17.66
1871,1257,1505,1751,1628,422,338,413,18.05
1872,1255,1505,1760,1659,461,324,401,15.85
1873,1248,1505,1762,1639,443,345,413,14.94
1874,1235,1505,1732,1610,463,336,391,16.67
1875,1228,1505,1737,1628,395,302,371,16.16
1876,1252,1505,1711,1510,299,447,502,9.22
1877,1215,1507,1747,1468,540,710,610,6.92
1878,1270,1507,1699,1557,415,483,525,8.19
1879,1234,1507,1714,1529,293,404,455,7.54
1880,1249,1507,1739,1560,368,420,471,9.29
1881,1267,1508,1707,1533,405,455,517,9.45
1882,1246,1508,1744,1563,468,401,455,17.17
1883,1260,1508,1747,1627,454,400,459,9.2
1884,1245,1508,1756,1625,422,338,411,18.64
1885,1225,1508,1747,1640,444,315,387,15.99
1886,1239,1508,1747,1625,378,295,365,12.21
1887,1249,1510,1726,1524,315,414,466,7.39
1888,1258,1510,1743,1561,353,453,499,8.74
1889,1265,1510,1739,1573,388,443,498,9.55
1890,1254,1510,1732,1628,620,397,455,18.36
1891,1230,1510,1725,1596,509,368,434,16.9
1892,1269,1510,1771,1635,448,362,423,18.55
1893,1241,1510,1756,1636,439,347,417,14.62
1894,1243,1510,1739,1634,446,338,402,14.85
1895,1241,1510,1752,1619,386,304,371,13.51
1896,1265,1511,1722,1530,311,421,481,7.3
1897,1261,1511,1743,1537,331,455,505,7.01
1898,1257,1511,1751,1553,351,434,495,8.43
1899,1241,1511,1767,1648,440,326,394,17.36
1900,1242,1511,1758,1621,399,304,377,16.08
1901,1221,1513,1767,1469,544,709,600,6.16
1902,1217,1513,1765,1458,524,708,604,6.59
1903,1237,1513,1721,1621,525,359,413,15.47
1904,1269,1513,1751,1637,580,417,467,17.6
1905,1252,1513,1740,1606,431,381,441,9.01
1906,1249,1513,1759,1639,485,401,455,16.35
1907,1248,1513,1747,1613,445,378,434,18.43
1908,1235,1513,1747,1639,476,310,381,17.1
1909,1230,1513,1750,1628,410,321,385,18.2
1910,1231,1513,1748,1622,410,306,375,16.4
1911,1249,1513,1762,1626,399,310,385,15.92
1912,1245,1513,1756,1630,383,296,373,13.37
1913,1234,1513,1758,1632,401,294,371,14.7
1914,1252,1514,1734,1621,470,380,444,12.12
1915,1265,1514,1736,1628,490,389,447,11
1916,1265,1514,1747,1630,523,421,475,13.79
1917,1248,1514,1756,1631,439,357,418,18.13
1918,1281,1516,1718,1565,444,545,577,11.24
1919,1279,1516,1713,1566,466,526,566,8.42
1920,1261,1516,1739,1533,315,427,487,6.74
1921,1245,1516,1710,1555,365,434,484,9.6
1922,1242,1516,1719,1566,427,409,464,8.83
1923,1255,1516,1740,1615,533,385,449,17.35
1924,1243,1516,1745,1643,475,364,425,17.64
1925,1239,1516,1758,1654,485,324,393,16.92
1926,1235,1516,1758,1621,393,302,376,15.56
1927,1236,1516,1754,1634,397,282,354,15
1928,1243,1516,1751,1634,391,288,363,15.95
1929,1245,1516,1760,1634,384,301,371,16.2
1930,1287,1517,1699,1535,418,514,558,11.56
1931,1246,1517,1741,1539,308,419,467,8.82
1932,1248,1517,1752,1563,368,417,471,10.43
1933,1246,1517,1734,1584,450,423,477,8.25
1934,1257,1517,1736,1634,532,381,437,17.29
1935,1251,1517,1755,1635,457,338,401,15.18
1936,1247,1517,1766,1645,397,283,366,15.17
1937,1257,1517,1728,1516,295,451,500,9.25
1938,1218,1519,1769,1465,545,744,630,6.29
1939,1244,1519,1759,1478,553,731,616,6.68
1940,1277,1519,1693,1530,408,509,552,7.48
1941,1260,1519,1740,1529,318,442,496,7
1942,1259,1519,1737,1550,479,400,458,9.98
1943,1261,1519,1739,1631,523,384,436,16.61
1944,1254,1519,1734,1622,518,421,472,15.2
1945,1275,1519,1734,1630,527,415,470,14.29
1946,1253,1519,1747,1630,439,340,407,15.18
1947,1251,1519,1762,1631,459,351,413,16.03
1948,1242,1519,1765,1675,496,332,397,16.98
1949,1245,1519,1748,1619,397,300,375,15.09
1950,1263,1519,1763,1652,405,295,371,14.82
1951,1253,1520,1750,1560,375,434,490,8.93
1952,1254,1520,1751,1628,510,362,422,15.94
1953,1240,1522,1750,1548,339,424,484,8.69
1954,1271,1522,1765,1623,525,379,448,12.78
1955,1261,1522,1736,1613,531,418,470,18.99
1956,1251,1522,1745,1606,443,379,437,18.52
1957,1242,1522,1762,1662,456,327,391,17.13
1958,1264,1522,1771,1637,463,352,414,15.86
1959,1254,1523,1750,1574,392,437,487,9.17
1960,1283,1523,1776,1662,630,391,448,18.52
1961,1266,1523,1765,1631,541,395,460,17.32
1962,1246,1523,1771,1671,503,312,385,16.78
1963,1257,1523,1770,1649,418,300,377,14.6
1964,1228,1523,1765,1644,405,284,361,14.73
1965,1242,1523,1760,1648,410,300,371,14.55
1966,1245,1523,1766,1649,405,299,373,14.34
1967,1247,1523,1773,1644,413,293,366,14.94
1968,1260,1523,1721,1532,313,465,506,9.16
1969,1226,1525,1748,1490,556,733,616,6.27
1970,1259,1525,1756,1548,315,448,496,7.36
1971,1254,1525,1721,1561,365,435,490,10.23
1972,1254,1525,1776,1656,472,364,425,18.02
1973,1260,1525,1773,1657,450,347,417,18.11
1974,1269,1525,1767,1648,459,369,429,14.95
1975,1239,1525,1765,1631,396,302,382,16.21
1976,1247,1525,1777,1630,388,304,377,12.78
1977,1247,1525,1776,1650,409,309,381,15.72
1978,1285,1525,1725,1552,395,482,529,12.82
1979,1236,1526,1764,1475,557,719,610,6.65
1980,1219,1526,1769,1504,622,773,643,6.82
1981,1271,1526,1692,1539,426,532,569,10.91
1982,1283,1526,1693,1552,448,523,559,8.13
1983,1261,1526,1741,1609,518,407,464,17.34
1984,1261,1526,1756,1617,386,375,443,14.53
1985,1260,1526,1754,1631,467,403,463,13.94
1986,1272,1526,1759,1632,516,410,470,15
1987,1259,1526,1765,1645,461,356,414,15.78
1988,1241,1526,1766,1635,381,310,381,13.54
1989,1267,1528,1741,1627,529,395,443,17.48
1990,1288,1528,1756,1635,575,432,482,18.57
1991,1247,1528,1773,1659,408,293,367,13.6
1992,1258,1528,1773,1644,393,307,381,12.85
1993,1267,1528,1724,1521,296,452,494,9.23
1994,1242,1529,1770,1483,565,727,616,6.71
1995,1288,1529,1700,1550,443,535,573,9.51
1996,1263,1529,1737,1577,395,401,460,8.62
1997,1258,1529,1733,1586,445,418,477,8.66
1998,1258,1529,1773,1650,489,356,428,16.78
1999,1272,1529,1763,1635,523,431,476,14.51
2000,1255,1529,1750,1641,453,352,418,12.84
2001,1245,1529,1769,1653,405,315,387,12.75
2002,1265,1531,1756,1552,337,452,501,7.21
2003,1282,1531,1755,1565,488,413,472,10.84
2004,1266,1531,1759,1630,467,403,455,12.87
2005,1276,1531,1751,1644,541,431,481,15.67
2006,1273,1531,1791,1679,485,356,420,15.75
2007,1249,1531,1766,1652,426,332,399,16.69
2008,1235,1531,1777,1645,378,317,385,15.95
2009,1233,1531,1762,1656,408,326,396,16.54
2010,1265,1531,1722,1539,303,455,490,10.41
2011,1255,1532,1771,1645,424,327,399,17.88
2012,1267,1532,1784,1645,435,333,402,17.02
2013,1258,1532,1793,1654,423,327,399,16.04
2014,1252,1532,1777,1645,402,313,384,16.01
2015,1267,1534,1766,1582,485,413,469,11.11
2016,1267,1534,1769,1640,538,401,465,16.8
2017,1269,1534,1784,1688,476,332,399,16.25
2018,1263,1534,1785,1654,412,311,382,14.53
2019,1267,1535,1741,1574,378,440,498,9.36
2020,1248,1535,1734,1573,397,465,514,9.85
2021,1283,1535,1766,1659,563,410,466,18.05
2022,1261,1535,1765,1635,452,350,419,18.17
2023,1252,1535,1773,1652,421,322,387,15.71
2024,1249,1535,1771,1649,399,298,372,15.5
2025,1245,1535,1771,1649,408,306,387,15.68
2026,1238,1536,1782,1475,548,745,628,6.09
2027,1281,1536,1710,1547,435,546,573,11.74
2028,1271,1536,1751,1547,343,457,510,6.82
2029,1276,1536,1744,1603,467,434,487,8.82
2030,1278,1536,1763,1648,536,427,483,14.64
2031,1257,1536,1791,1683,480,353,414,15.81
2032,1236,1536,1769,1636,387,309,378,12.63
2033,1247,1536,1781,1665,406,317,391,14.76
2034,1269,1536,1748,1530,285,440,494,10.75
2035,1236,1538,1802,1523,604,778,653,6.23
2036,1238,1538,1789,1479,567,753,636,5.84
2037,1238,1538,1789,1479,567,753,636,6.2
2038,1253,1538,1770,1652,419,322,391,16.99
2039,1258,1538,1780,1661,435,305,379,14.93
2040,1277,1539,1786,1648,487,423,478,12.83
2041,1264,1539,1789,1676,510,361,419,16.05
2042,1285,1539,1789,1687,520,352,414,16.61
2043,1257,1539,1778,1656,439,347,410,17.86
2044,1261,1539,1786,1662,430,305,375,14.89
2045,1289,1541,1703,1548,445,549,576,11.43
2046,1276,1541,1773,1592,406,452,505,9.19
2047,1271,1541,1792,1641,565,412,459,16.12
2048,1279,1541,1774,1643,474,410,464,11.87
2049,1259,1542,1739,1584,401,465,510,9.22
2050,1271,1542,1754,1596,441,421,470,9.22
2051,1285,1542,1771,1653,529,417,469,13.63
2052,1279,1542,1765,1646,538,434,487,14.35
2053,1264,1542,1793,1659,413,328,408,13.66
2054,1275,1544,1759,1632,449,406,455,13.27
2055,1282,1544,1811,1681,476,347,420,15.84
2056,1253,1544,1781,1640,406,335,410,13.11
2057,1277,1545,1760,1587,395,449,508,9.61
2058,1302,1545,1773,1667,686,431,478,17.42
2059,1269,1545,1781,1636,546,406,461,16.9
2060,1283,1545,1766,1619,379,402,465,14.65
2061,1288,1545,1762,1658,541,436,485,15.1
2062,1264,1547,1804,1658,422,335,408,12.69
2063,1308,1548,1748,1575,479,571,601,11.4
2064,1289,1548,1781,1557,320,451,504,8.61
2065,1278,1548,1776,1595,421,460,520,9.19
2066,1281,1548,1780,1657,470,358,431,16.42
2067,1294,1548,1766,1658,540,415,469,15.3
2068,1255,1548,1767,1675,498,328,384,17.33
2069,1272,1548,1806,1667,431,328,404,15.3
2070,1261,1548,1776,1657,408,323,391,12.32
2071,1281,1550,1774,1625,419,425,476,14.11
2072,1282,1550,1797,1688,487,344,405,16.86
2073,1285,1550,1792,1694,497,362,424,15.37
2074,1270,1550,1815,1677,440,339,405,16.22
2075,1248,1551,1798,1495,595,760,638,6.22
2076,1276,1551,1791,1666,430,318,387,14.24
2077,1255,1553,1789,1492,586,755,642,6.17
2078,1301,1553,1781,1652,478,426,478,13.09
2079,1271,1553,1804,1699,490,362,424,16.44
2080,1266,1553,1817,1696,456,356,420,16.28
2081,1255,1554,1806,1504,594,769,653,6.07
2082,1272,1554,1788,1687,478,326,393,17.16
2083,1287,1554,1818,1708,506,362,424,16.37
2084,1260,1555,1820,1509,595,769,657,6.59
2085,1267,1555,1778,1501,593,747,633,6.94
2086,1249,1555,1808,1486,561,740,633,6.44
2087,1273,1556,1806,1667,431,351,419,13.14
2088,1270,1556,1803,1677,430,344,407,14.06
2089,1281,1556,1802,1672,423,347,412,13.35
2090,1257,1557,1796,1514,593,742,635,6.44
2091,1273,1557,1784,1670,415,335,400,13.95
2092,1270,1559,1776,1587,370,447,500,8.51
2093,1277,1559,1797,1661,415,322,396,14.43
2094,1264,1560,1823,1509,600,779,660,6.54
2095,1260,1560,1818,1508,599,778,654,6.65
2096,1269,1560,1812,1508,592,772,653,6.56
2097,1296,1560,1821,1714,533,363,432,16.69
2098,1281,1560,1811,1674,419,339,411,13.95
2099,1287,1560,1808,1692,450,326,399,14.91
2100,1308,1560,1760,1578,419,484,532,13.16
2101,1315,1562,1741,1583,488,565,598,11.29
2102,1294,1562,1781,1600,409,452,507,8.79
2103,1295,1562,1762,1645,551,402,453,16.72
2104,1285,1562,1815,1715,514,391,440,16.39
2105,1279,1562,1814,1670,422,339,414,13.8
2106,1296,1563,1832,1725,519,369,429,16.26
2107,1282,1563,1802,1688,506,381,437,15.23
2108,1270,1563,1808,1675,428,345,419,14.76
2109,1259,1564,1812,1509,586,766,651,6.6
2110,1314,1565,1785,1693,710,443,495,16.92
2111,1293,1565,1780,1666,559,410,460,16.69
2112,1299,1565,1774,1632,414,431,475,12.3
2113,1275,1566,1825,1512,580,741,641,6.23
2114,1291,1566,1781,1613,475,437,493,9.01
2115,1308,1566,1791,1676,582,419,469,17
2116,1294,1566,1792,1675,569,425,483,17.61
2117,1295,1566,1797,1671,516,396,447,16.12
2118,1273,1566,1810,1694,440,349,417,15.1
2119,1266,1568,1819,1548,654,820,692,5.76
2120,1289,1568,1799,1618,427,472,519,8.9
2121,1294,1568,1821,1715,503,362,430,16.75
2122,1270,1568,1789,1666,419,329,391,13.86
2123,1326,1569,1765,1586,487,574,614,11.25
2124,1275,1569,1807,1671,434,333,407,15.34
2125,1294,1571,1803,1588,377,511,546,7.01
2126,1265,1571,1811,1680,435,345,410,13.87
2127,1321,1572,1766,1599,498,588,617,11.25
2128,1283,1572,1800,1681,444,338,401,14.43
2129,1294,1572,1828,1688,445,349,424,12.46
2130,1269,1572,1789,1663,405,327,395,14.12
2131,1257,1573,1826,1528,595,753,637,5.89
2132,1258,1574,1813,1518,605,782,660,6.29
2133,1305,1574,1793,1661,448,436,484,12.78
2134,1273,1575,1814,1539,610,764,649,6.83
2135,1293,1575,1796,1674,578,426,477,16.04
2136,1302,1575,1833,1719,522,375,434,16.12
2137,1290,1575,1836,1716,514,389,442,16.19
2138,1281,1576,1825,1528,616,786,671,5.98
2139,1256,1576,1880,1583,670,840,717,7.12
2140,1267,1576,1836,1555,667,832,697,6.04
2141,1294,1576,1825,1675,432,347,418,13.74
2142,1279,1577,1824,1530,616,789,672,6.27
2143,1287,1577,1768,1495,644,783,647,6.01
2144,1307,1579,1807,1590,371,487,531,7.97
2145,1290,1579,1807,1681,432,349,419,14.2
2146,1259,1580,1828,1551,644,814,690,6.41
2147,1318,1581,1777,1697,716,461,511,17.41
2148,1305,1581,1830,1685,589,431,483,17.97
2149,1302,1581,1836,1725,524,386,444,15.97
2150,1306,1581,1840,1736,531,383,447,16.08
2151,1259,1582,1835,1545,629,795,675,6.29
2152,1315,1582,1544,1400,502,653,467,12.61
2153,1305,1582,1836,1697,457,355,426,14.39
2154,1267,1583,1853,1561,648,782,664,6.85
2155,1263,1583,1841,1547,631,783,659,6.31
2156,1293,1584,1825,1687,430,373,431,13.89
2157,1267,1585,1837,1544,633,794,679,6.1
2158,1271,1585,1846,1557,646,794,678,5.94
2159,1203,1585,1897,1644,641,837,701,9.85
2160,1306,1585,1819,1698,446,361,425,14.57
2161,1278,1588,1835,1542,618,750,644,6.85
2162,1280,1589,1843,1553,629,776,664,6.2
2163,1312,1590,1793,1688,587,437,492,16.65
2164,1276,1592,1856,1563,655,817,689,6.38
2165,1282,1592,1834,1526,620,787,666,6.75
2166,1304,1593,1843,1555,631,803,676,6.37
2167,1289,1594,1818,1541,630,783,669,6.94
2168,1311,1597,1834,1706,479,362,425,14.72
2169,1261,1598,1898,1607,705,860,736,6.26
2170,1280,1599,1856,1559,652,808,689,5.96
2171,1215,1599,1922,1678,668,859,704,7.82
2172,1275,1601,1858,1577,675,841,709,5.97
2173,1279,1602,1874,1584,673,829,705,6.27
2174,1277,1606,1849,1563,660,831,702,5.98
2175,1342,1606,1837,1623,392,510,554,7.45
2176,1303,1607,1857,1556,652,804,683,6.11
2177,1291,1611,1850,1542,646,813,696,6.32
2178,1332,1611,1804,1725,735,474,514,18.41
2179,1344,1613,1822,1736,760,491,534,17.32
2180,1312,1613,1852,1706,462,374,438,12.36
2181,1329,1615,1856,1707,475,380,447,12.16
2182,1300,1618,1856,1558,652,817,691,6.45
2183,1302,1619,1860,1577,677,829,711,5.82
2184,1310,1619,1864,1575,667,824,705,5.35
2185,1308,1619,1846,1579,626,775,663,6.5
2186,1322,1620,1871,1579,673,839,700,6.19
2187,1320,1620,1869,1572,661,830,704,6.05
2188,1320,1622,1883,1581,678,838,716,6.28
2189,1291,1624,1886,1586,646,798,679,6
2190,1317,1624,1869,1585,614,754,645,6.35
2191,1310,1627,1903,1615,683,822,693,6.17
2192,1324,1630,1884,1571,681,834,706,6.68
2193,1336,1630,1867,1727,496,397,459,11.84
2194,1336,1630,1889,1729,490,408,475,12.68
2195,1326,1632,1876,1600,703,855,728,5.44
2196,1328,1633,1879,1573,669,831,704,5.94
2197,1227,1633,1963,1722,773,948,841,8.45
2198,1323,1634,1888,1611,638,786,671,6.34
2199,1319,1634,1880,1592,635,775,660,6.09
2200,1320,1635,1873,1576,678,830,705,5.96
2201,1284,1635,1910,1676,868,1023,874,6.09
2202,1374,1637,1863,1654,423,549,581,7.24
2203,1322,1638,1867,1586,670,836,709,5.88
2204,1322,1639,1889,1611,686,856,728,7.11
2205,1328,1641,1888,1579,681,832,709,5.88
2206,1336,1645,1890,1604,683,839,713,5.88
2207,1327,1645,1886,1599,706,853,723,5.58
2208,1331,1645,1881,1579,695,826,694,6.68
2209,1328,1647,1928,1619,714,853,724,6.91
2210,1243,1647,1993,1734,788,962,852,7.86
2211,1323,1649,1907,1615,692,850,733,5.87
2212,1329,1650,1894,1616,713,867,741,5.91
2213,1341,1650,1897,1597,698,853,731,5.88
2214,1335,1653,1887,1599,693,857,722,5.89
2215,1326,1656,1901,1615,698,862,732,5.97
2216,1349,1656,1901,1613,701,860,723,5.91
2217,1255,1657,1938,1681,749,914,795,7.31
2218,1241,1661,1970,1722,739,913,783,7.6
2219,1339,1663,1883,1613,679,805,678,7.21
2220,1336,1667,1926,1627,719,858,726,6.13
2221,1339,1669,1934,1630,701,856,721,5.88
2222,1279,1671,2012,1770,821,932,829,9.73
2223,1344,1673,1944,1635,705,860,728,6.26
2224,1365,1677,1926,1642,733,874,747,6.12
2225,1272,1680,1951,1716,776,916,786,7.14
2226,1341,1688,1941,1648,711,860,735,6.03
2227,1390,1701,1888,1624,774,859,700,6.77
2228,1278,1701,1984,1754,808,910,788,7.24
2229,1377,1707,1970,1688,753,900,766,6.2
2230,1392,1729,1968,1695,764,915,776,5.94
2231,1340,1788,2085,1833,868,917,793,5.64
2232,1344,1790,2101,1858,899,895,779,5.26
2233,1353,1806,2084,1844,890,878,756,8.18
2234,1362,1809,2075,1837,884,887,763,9.98
2235,1409,1859,2056,1801,1061,991,857,6.8
2236,1670,2202,2402,2301,1893,1543,1539,5.55
2237,1667,2217,2407,2300,1923,1570,1550,5.61
2238,1669,2229,2414,2290,1923,1596,1558,7.79
2239,1685,2233,2414,2304,1926,1560,1537,7.54
2240,1684,2242,2391,2287,1902,1527,1512,6.8
2241,1686,2246,2384,2273,1884,1525,1516,8
2242,1676,2250,2431,2304,1927,1624,1585,7.27
